applicant_id,business_name,sector,region,tier,years_in_business,entity_type,revenue_stability_score,cashflow_health_score,banking_discipline_score,compliance_score,employment_stability_score,gst_avg_delay_days,gst_on_time_pct,gst_turnover_trend,upi_avg_inflow,upi_avg_outflow,upi_inflow_volatility,aa_avg_balance,aa_avg_overdraft_days,aa_total_emi_bounces,aa_vendor_regularity,epfo_on_time_pct,epfo_emp_trend_pct,defaulted_12m,default_probability
1,National Garments Pvt Ltd,textiles,Hyderabad,Tier1,1.9,NTB,38.67953702120569,79.59625861710866,79.45825138748334,74.88888888888889,73.86104783599089,3.8,66.7,-39.3,736302.06,557253.67,0.1004,705450.6,1.1,1,0.757,100.0,-4.9,0,0.0334
2,Bharat Naturals Bros,food_processing,Hyderabad,Tier1,13.8,NTC,35.83048305006925,77.74997408549697,50.12556865542534,85.11111111111111,74.54393432654302,3.7,83.3,-35.2,1077233.58,814158.9,0.1302,644002.81,8.2,13,0.437,100.0,-4.5,0,0.2481
3,Sri Forge LLP,manufacturing,Hyderabad,Tier1,8.6,NTC,79.09458598124547,75.09182769307661,84.44055632941897,27.888888888888893,74.39191243539071,20.3,25.0,33.8,827910.64,651597.63,0.1499,648560.25,1.0,1,0.817,100.0,0.0,0,0.4804
4,Shree Stores,retail,Chennai,Tier1,17.3,existing_customer,51.23131190044715,77.5206342745939,79.21875515294394,74.66666666666666,73.890240194588,4.0,66.7,-27.7,1035309.39,761110.76,0.1598,1147270.31,1.3,3,0.796,100.0,-5.1,0,0.0645
5,Pioneer Forge LLP,manufacturing,Bengaluru,Tier1,2.2,NTC,84.01764770957797,69.90150540049898,47.66856692402396,68.66666666666667,74.26956037803977,4.8,58.3,36.6,1630441.41,1186400.1,0.3192,1045480.32,9.2,13,0.401,100.0,-3.8,0,0.5853
6,Modern Foods LLP,food_processing,Rajkot,Tier3,12.2,NTC,72.62799582460948,75.92332903735624,80.44359733989917,90.55555555555554,74.5783437341879,3.3,91.7,14.4,660853.22,513861.08,0.151,944286.66,1.3,2,0.878,100.0,-7.3,0,0.1166
7,Pioneer Works Pvt Ltd,manufacturing,Bengaluru,Tier1,11.3,existing_customer,77.11307489275784,77.03123093064889,80.26448595808509,79.44444444444446,74.98301752214327,4.2,75.0,13.8,1185955.25,921029.65,0.125,2047226.71,1.9,1,0.853,100.0,4.0,0,0.1241
8,Heritage Tech LLP,services,Delhi,Tier1,14.7,NTB,78.22343491760057,68.58309371596184,81.83749228267709,90.44444444444444,52.6985607360861,3.4,91.7,21.2,717164.56,550072.65,0.3013,541260.65,1.8,0,0.799,58.3,-7.9,0,0.2685
9,Bharat Forge Bros,manufacturing,Rajkot,Tier3,5.5,existing_customer,75.73661367485299,79.62710638799662,85.9724495866158,79.44444444444446,75.32522252447842,4.2,75.0,25.1,674643.12,488896.61,0.1317,1056894.52,0.8,0,0.79,100.0,-1.0,0,0.0729
10,Bharat Mart & Co.,retail,Mumbai,Tier1,11.9,existing_customer,90.57708420254473,66.26934921172509,79.68688278259295,84.66666666666669,74.10828391321205,4.0,83.3,61.2,706942.82,567773.82,0.3373,499492.4,1.4,2,0.798,100.0,-1.5,0,0.1382
11,Sri Works Bros,manufacturing,Pune,Tier2,4.7,existing_customer,81.57103928003247,76.01295467977579,82.41291301820537,74.66666666666666,75.02602856200872,4.0,66.7,28.5,1069868.23,817574.91,0.1609,1377116.09,0.7,2,0.786,100.0,-2.9,0,0.0657
12,Star Retail Group,retail,Pune,Tier2,6.8,existing_customer,54.496814872458174,77.65465906772427,81.48331200491965,69.55555555555556,73.92089206256162,4.1,58.3,-14.9,680168.46,512312.4,0.153,1210854.27,1.2,1,0.746,100.0,-4.9,0,0.2023
13,Sunrise Naturals,food_processing,Bengaluru,Tier1,14.7,existing_customer,69.9168536835152,75.1686697712468,80.3632499606928,68.0,74.52749952749954,5.2,58.3,4.7,550618.07,417335.23,0.1813,174376.54,1.0,3,0.792,100.0,-6.4,0,0.2066
14,Sunrise Industries,manufacturing,Pune,Tier2,3.8,existing_customer,74.1423431344054,76.16490543589597,78.19342880930596,73.88888888888889,74.68213604577241,4.6,66.7,18.6,879182.53,675215.12,0.1515,1493335.01,1.9,0,0.786,100.0,2.2,0,0.0981
15,Bharat Exports LLP,food_processing,Varanasi,Tier3,11.0,NTC,76.10912128880335,78.79682542405826,78.72456071154942,75.33333333333333,62.50407993406826,3.5,66.7,4.7,446014.73,351507.96,0.0769,965889.98,1.2,4,0.774,75.0,6.2,1,0.128
16,Star Tech & Co.,services,Mumbai,Tier1,11.7,NTC,71.38093398542856,75.24993354494168,82.14349807976544,7.0,58.97742608268925,24.8,0.0,33.4,633616.93,499353.5,0.1507,271754.36,1.2,1,0.798,66.7,3.3,0,0.7833
17,Modern Processors Pvt Ltd,food_processing,Pune,Tier2,9.8,existing_customer,72.70564644123442,77.7262276549845,76.17131937507337,86.0,66.12701339389443,3.0,83.3,-0.6,596162.84,451491.08,0.1386,1465482.64,1.1,4,0.801,83.3,-7.4,0,0.0884
18,Shree Stores,retail,Mumbai,Tier1,16.2,existing_customer,88.55401771439121,78.33644722129961,83.58733496873549,63.11111111111111,50.714502888415936,5.2,50.0,121.1,1003766.24,743853.25,0.1324,1504088.09,1.3,0,0.817,50.0,5.4,0,0.1768
19,Galaxy Retail Pvt Ltd,retail,Chennai,Tier1,10.2,NTC,87.58388559657854,75.00098773272326,81.14311078254222,80.0,74.11600128802561,3.8,75.0,42.4,522266.18,412379.18,0.1581,762794.53,1.8,1,0.825,100.0,-3.0,0,0.121
20,Bharat Components Group,manufacturing,Hyderabad,Tier1,3.7,existing_customer,81.04133958194012,76.41846699110783,83.13146992000682,51.55555555555556,74.22840578904197,6.3,33.3,52.4,1400963.65,1056818.2,0.1668,1838955.52,1.1,1,0.823,100.0,-1.9,0,0.116
21,Bharat Mfg Group,manufacturing,Bengaluru,Tier1,2.1,existing_customer,69.42447106636793,74.21799060426859,81.64300401033051,86.55555555555557,53.09931296773403,2.6,83.3,20.9,1391318.94,1142459.92,0.1296,68985.81,1.2,1,0.827,58.3,-6.4,0,0.1251
22,Royal Retail LLP,retail,Varanasi,Tier3,1.0,existing_customer,91.10822218693178,76.68978824631864,77.85820672651477,5.777777777777771,75.22366502308678,29.4,8.3,78.3,530626.36,422714.32,0.1045,262064.85,0.7,2,0.786,100.0,-1.7,1,0.5402
23,Star Exports & Co.,food_processing,Jaipur,Tier2,2.8,existing_customer,82.69952287945286,72.01748555209831,84.7860902517439,79.0,69.98725833287845,4.5,75.0,28.3,1243948.28,1023887.65,0.1898,1604575.21,1.4,0,0.823,91.7,-7.9,0,0.053
24,Galaxy Components LLP,manufacturing,Ahmedabad,Tier2,9.2,existing_customer,75.71769789399197,78.76551351387171,80.38252403637308,85.11111111111111,74.18101885622185,3.7,83.3,3.7,1362499.7,1034573.78,0.1124,1860357.78,1.2,2,0.794,100.0,-6.6,0,0.0758
25,Modern Components LLP,manufacturing,Mumbai,Tier1,15.9,NTB,77.1770459869074,77.27728973272022,82.03773981586583,79.66666666666667,75.66024401130784,4.0,75.0,33.0,967303.76,774490.9,0.0928,1118134.23,2.2,0,0.812,100.0,1.0,0,0.1144
26,Swadeshi Mills Group,textiles,Jaipur,Tier2,6.9,existing_customer,74.65603230217658,74.82023547297277,78.66373663805796,63.44444444444445,54.80515860950644,4.9,50.0,26.1,626141.98,476236.74,0.1923,884237.7,1.2,2,0.795,58.3,0.0,0,0.161
27,Star Components,manufacturing,Jaipur,Tier2,9.4,existing_customer,75.15733330537729,78.26282304745486,82.76477778059238,86.22222222222223,59.52205743612966,2.8,83.3,28.3,886877.66,663162.72,0.1326,1463582.77,1.1,0,0.795,66.7,6.2,0,0.1673
28,Apex Mfg Bros,manufacturing,Pune,Tier2,3.5,existing_customer,77.9698657192204,73.89577622919117,52.11085555136758,72.44444444444444,75.23644388398488,5.7,66.7,29.1,1033196.59,777901.35,0.2179,585999.1,5.6,13,0.434,100.0,2.4,1,0.3007
29,Modern Services Group,services,Coimbatore,Tier3,9.6,existing_customer,78.8405137854302,76.65084689422287,83.99181122208196,79.77777777777777,74.98200770070409,3.9,75.0,9.6,424767.11,343961.05,0.094,825759.08,1.5,1,0.846,100.0,-3.3,0,0.058
30,Eagle Stores,retail,Bengaluru,Tier1,17.5,NTC,88.6315286150938,69.32382857897882,82.04526457485304,69.44444444444446,76.11873343129943,4.2,58.3,122.6,610102.1,483844.72,0.2649,329119.9,1.6,1,0.757,100.0,6.6,0,0.1039
31,Shree Processors Bros,food_processing,Nagpur,Tier3,5.5,NTB,73.80627670097462,76.39461445188901,45.264820959744654,75.0,74.5190918931273,3.8,66.7,5.4,321321.27,248023.27,0.1459,397172.3,9.8,14,0.416,100.0,-2.2,0,0.4497
32,Shree Mart & Co.,retail,Pune,Tier2,6.3,NTC,88.2400015385435,66.3055167259576,83.12007744949024,79.77777777777777,74.7795424914069,3.9,75.0,69.1,732349.02,570299.54,0.3095,968528.88,0.8,0,0.789,100.0,-4.1,0,0.1351
33,Sunrise Works & Co.,manufacturing,Pune,Tier2,3.6,existing_customer,71.76849719568244,77.03614673787972,81.5798161490361,67.77777777777777,74.78218502808667,5.4,58.3,5.9,965779.34,745176.44,0.1364,613261.77,1.8,1,0.786,100.0,3.9,0,0.0749
34,Eagle Industries LLP,manufacturing,Ahmedabad,Tier2,8.7,existing_customer,79.12138160166106,82.21620390628902,80.50768008233148,73.77777777777777,74.69934524074652,4.7,66.7,23.8,409736.58,292918.38,0.0941,1345516.08,1.8,1,0.819,100.0,2.0,0,0.1762
35,Galaxy Consultancy Pvt Ltd,services,Pune,Tier2,2.2,NTB,79.4318361629156,74.47233590285958,53.6443602850481,78.66666666666667,74.74528782475804,4.8,75.0,36.1,176964.47,143106.35,0.1445,846440.26,8.7,14,0.44,100.0,-5.3,1,0.6057
36,National Foods,food_processing,Hyderabad,Tier1,16.0,existing_customer,73.98768963972105,73.73296810233347,80.51932720424824,80.33333333333334,74.43216665835213,3.5,75.0,-9.8,426350.51,330012.95,0.1967,1862726.89,1.6,2,0.798,100.0,4.0,0,0.0871
37,Star Stores & Co.,retail,Rajkot,Tier3,1.9,existing_customer,87.88841698106953,68.56835408838373,85.18533069110835,86.44444444444446,76.1539206003365,2.7,83.3,75.4,813096.67,620646.83,0.3199,1257756.94,2.4,0,0.802,100.0,8.0,0,0.1795
38,Prime Industries Group,manufacturing,Pune,Tier2,9.5,existing_customer,68.78383613322049,70.98825792010058,82.87818244376703,68.44444444444446,75.4618023485948,4.9,58.3,-1.3,1106176.14,846263.53,0.2572,1642010.52,1.4,0,0.761,100.0,3.4,1,0.0669
39,Bharat Weaves LLP,textiles,Varanasi,Tier3,7.7,NTC,68.54391263897168,73.71339860757652,82.1459251370179,68.22222222222223,75.72219971464304,5.1,58.3,-0.5,1170756.82,905595.94,0.1988,1788235.0,0.8,0,0.808,100.0,2.5,0,0.1419
40,Galaxy Retail Bros,retail,Ahmedabad,Tier2,13.7,existing_customer,89.49798699752027,75.8523590986397,77.55738580699014,73.77777777777777,75.26668247007233,4.7,66.7,95.9,1093872.84,861391.89,0.1317,1111319.57,1.2,4,0.814,100.0,1.3,0,0.1647
41,Royal Fabrics Pvt Ltd,textiles,Mumbai,Tier1,1.1,NTC,74.5616199088565,74.30592245670174,77.72581594010683,73.77777777777777,75.50112753695815,4.7,66.7,19.4,832715.6,614771.29,0.227,51132.7,1.7,1,0.783,100.0,2.0,0,0.1444
42,National Processors & Co.,food_processing,Delhi,Tier1,9.6,existing_customer,69.3513199672115,78.1932604077199,80.36467559712845,84.11111111111111,74.20803387675498,4.4,83.3,5.8,694376.98,539342.37,0.1054,1358932.61,1.0,2,0.869,100.0,-5.3,0,0.0685
43,Galaxy Industries Group,manufacturing,Ahmedabad,Tier2,12.9,NTB,76.40604782659682,77.85202964234298,81.29575989495916,23.33333333333333,62.8209351035438,20.0,16.7,3.4,563728.19,413960.94,0.1586,788721.63,1.6,1,0.832,75.0,0.5,0,0.2878
44,Eagle Exports,food_processing,Surat,Tier2,15.8,existing_customer,74.03677229466908,74.85729201555635,78.92637573555666,57.8888888888889,75.81736445372809,5.3,41.7,50.8,1095538.13,793906.97,0.2379,1100712.75,1.0,2,0.724,100.0,6.0,0,0.0831
45,National Components Bros,manufacturing,Lucknow,Tier2,10.2,existing_customer,69.93193646311897,75.05756972259277,84.60245053840215,78.77777777777777,74.44377126005519,4.7,75.0,16.0,1170787.75,916802.0,0.1579,1476025.21,1.0,1,0.811,100.0,-1.5,0,0.0767
46,Apex Enterprises LLP,retail,Pune,Tier2,16.9,NTB,88.32206645245783,78.61659196980582,84.55858096952032,74.33333333333333,54.25990675990677,4.2,66.7,89.7,780143.23,551097.7,0.1634,324200.94,0.9,0,0.726,58.3,7.5,0,0.1008
47,Bharat Ventures,services,Bengaluru,Tier1,13.1,NTC,71.04143048142663,73.33607655583391,78.1506230463413,17.44444444444444,75.2555048637998,24.4,16.7,18.3,485376.96,402936.21,0.1355,1351111.72,1.5,1,0.764,100.0,-4.7,1,0.5752
48,Galaxy Services & Co.,services,Surat,Tier2,16.8,existing_customer,73.47239886110253,74.33736675238528,81.20647220755774,57.22222222222223,75.56490499996309,5.8,41.7,11.3,354652.03,283510.88,0.1556,428322.97,1.0,2,0.748,100.0,3.5,0,0.0951
49,Modern Garments Bros,textiles,Ahmedabad,Tier2,9.7,NTC,75.82512911923766,70.84590235273949,83.66682315760669,62.22222222222222,75.61213102102343,5.8,50.0,30.0,1073280.62,777827.22,0.3231,1239132.25,1.0,0,0.823,100.0,8.5,1,0.0892
50,Shree Services Bros,services,Lucknow,Tier2,0.7,NTC,78.46364827751836,74.15832814047815,52.202269393642844,80.0,71.11785893431463,3.8,75.0,27.3,618946.34,480217.91,0.1853,32132.02,8.8,13,0.47,91.7,-2.1,1,0.339
51,Modern Foods Pvt Ltd,food_processing,Rajkot,Tier3,3.6,existing_customer,74.03468678984436,80.17108689933802,83.86729456148686,67.77777777777777,58.38231159242832,5.4,58.3,9.8,852796.67,635988.18,0.101,554451.32,0.8,1,0.822,66.7,3.3,0,0.0987
52,Shree Enterprises Pvt Ltd,retail,Coimbatore,Tier3,17.6,existing_customer,88.19210395264624,77.19538614246501,81.3141274872383,90.0,75.62370062370063,3.8,91.7,99.5,1047653.57,801653.75,0.1315,571769.98,1.9,1,0.731,100.0,0.0,0,0.1432
53,National Tech,services,Hyderabad,Tier1,2.0,existing_customer,71.46965597013661,79.725487927442,83.91404868752251,74.22222222222221,75.3053079976157,4.3,66.7,-6.4,253779.33,182934.25,0.1394,1311472.27,1.5,1,0.81,100.0,0.6,0,0.0719
54,Shree Traders & Co.,retail,Chennai,Tier1,10.2,NTB,87.71532428064171,80.62990384639147,80.42792250177605,85.8888888888889,75.05786175998944,3.1,83.3,119.6,433910.61,311602.18,0.1278,873903.56,0.8,2,0.787,100.0,8.8,0,0.0862
55,Galaxy Works & Co.,manufacturing,Chennai,Tier1,5.2,NTC,74.73604073690342,74.45029081473538,77.9501428051638,11.888888888888891,74.65446318387494,24.8,8.3,33.1,1459552.55,1127740.42,0.1797,1304115.59,1.5,1,0.785,100.0,-1.4,0,0.5774
56,Modern Services,services,Hyderabad,Tier1,15.6,NTB,70.40666904515271,73.53636759175703,41.80275032441091,73.77777777777777,75.5657607698424,4.7,66.7,19.8,200316.69,162024.39,0.1619,868126.46,6.6,21,0.465,100.0,-1.7,1,0.4722
57,Prime Exports Pvt Ltd,food_processing,Lucknow,Tier2,16.8,NTB,79.3391500809463,71.95979475446109,83.23157421528192,79.77777777777777,74.12997800321745,3.9,75.0,21.4,972884.78,829038.34,0.1409,1003265.5,1.2,1,0.798,100.0,0.0,0,0.0949
58,Galaxy Retail Bros,retail,Delhi,Tier1,14.3,existing_customer,87.8096454751582,73.01177621008306,82.576736751695,4.44444444444444,75.16918565305662,26.7,0.0,84.8,433793.77,368869.13,0.1331,1499846.62,0.6,1,0.897,100.0,-4.8,1,0.376
59,Royal Enterprises LLP,retail,Jaipur,Tier2,11.2,NTC,88.2090348866203,75.08838597526272,77.32947618179944,91.1111111111111,75.87412587412588,2.9,91.7,114.4,1113553.13,894436.99,0.1438,322558.85,1.0,2,0.776,100.0,0.7,0,0.1195
60,Shree Traders,retail,Mumbai,Tier1,5.7,existing_customer,88.23280579949189,79.22753629944683,84.84125904400514,68.77777777777777,57.130103066063654,4.7,58.3,131.6,512810.75,398412.51,0.0971,1570580.96,0.8,0,0.811,66.7,-1.3,1,0.2149
61,Swadeshi Mills Pvt Ltd,textiles,Coimbatore,Tier3,3.4,existing_customer,74.4807805953027,75.37687222451123,82.0041446097976,68.11111111111111,74.69741796664874,5.2,58.3,23.4,792960.37,613883.63,0.1659,611881.06,1.4,1,0.856,100.0,-0.5,0,0.0662
62,Eagle Solutions Group,services,Ahmedabad,Tier2,13.7,NTC,77.09382160602351,69.2369605853704,79.9712355008161,74.55555555555554,74.92987743675907,4.1,66.7,1.6,594301.39,480229.27,0.2415,812792.05,1.0,2,0.838,100.0,-2.8,0,0.0673
63,Eagle Garments Group,textiles,Chennai,Tier1,14.7,existing_customer,70.38305765890539,76.35560162526752,55.2385476578209,73.1111111111111,75.66812168722996,5.2,66.7,-2.9,541515.59,434332.37,0.1111,605241.85,8.9,11,0.404,100.0,1.7,1,0.3827
64,Bharat Forge Bros,manufacturing,Ahmedabad,Tier2,9.1,existing_customer,80.6858926233042,75.9740968903498,80.9515686997789,79.77777777777777,75.07039939925846,3.9,75.0,42.8,718622.83,558824.31,0.148,1154310.33,1.3,0,0.824,100.0,2.6,0,0.0643
65,National Mart Group,retail,Mumbai,Tier1,4.4,existing_customer,89.00369361020896,68.12960523087212,79.4420748855869,75.44444444444444,73.4307031551126,3.4,66.7,60.1,1423868.63,1127199.34,0.3044,664305.13,1.1,2,0.757,100.0,-9.1,0,0.1011
66,Apex Textiles LLP,textiles,Varanasi,Tier3,17.8,existing_customer,83.58943116285502,78.15110604796834,83.92039344532712,79.33333333333334,59.11148693047803,4.2,75.0,54.7,741566.52,556633.76,0.1365,270487.46,0.9,0,0.762,66.7,3.7,0,0.0618
67,Sri Ventures LLP,services,Delhi,Tier1,14.7,existing_customer,79.32598725121107,78.06674674585716,80.98257929768613,75.1111111111111,74.24388634066054,3.7,66.7,16.7,434307.81,322235.58,0.1502,285411.58,0.8,2,0.737,100.0,-2.8,0,0.0472
68,Bharat Tech Pvt Ltd,services,Agra,Tier3,2.7,existing_customer,77.65950717776886,77.80753762175303,78.5520407120489,85.0,53.86652088157106,3.8,83.3,38.9,259282.67,198722.74,0.1275,248417.41,0.9,2,0.763,58.3,-0.9,0,0.2092
69,Sri Industries,manufacturing,Jaipur,Tier2,9.0,existing_customer,72.53785440491617,75.5757168468142,77.26846305308734,74.66666666666666,75.42517171889743,4.0,66.7,32.1,671747.72,531663.48,0.1473,57738.1,1.2,1,0.815,100.0,2.8,0,0.0694
70,Sri Traders & Co.,retail,Lucknow,Tier2,16.1,existing_customer,61.40701995635787,77.23148697785899,79.2144284371968,79.33333333333334,73.86771259828254,4.2,75.0,-23.2,1125073.82,851691.1,0.1413,145509.17,1.2,2,0.861,100.0,-5.1,0,0.1438
71,Royal Agro & Co.,food_processing,Bengaluru,Tier1,7.0,NTB,76.15016949663803,69.65751116029946,82.97245849208677,79.44444444444446,74.77106971740247,4.2,75.0,25.4,634782.49,476197.42,0.3205,1550577.5,1.2,0,0.817,100.0,-5.9,0,0.1089
72,Galaxy Fabrics Pvt Ltd,textiles,Pune,Tier2,7.9,existing_customer,33.24638244931828,77.10805615698754,80.10595414082263,78.66666666666667,53.006768872153486,4.8,75.0,-51.7,692692.78,525629.57,0.1482,1239647.55,1.4,1,0.796,58.3,-5.6,0,0.0871
73,Apex Works Bros,manufacturing,Delhi,Tier1,13.1,NTB,76.39650104467646,76.76264353899873,49.06484023968129,69.0,75.80523366091433,4.5,58.3,8.1,815708.3,620553.48,0.1485,551055.5,7.4,14,0.392,100.0,6.3,0,0.4567
74,Sunrise Forge Pvt Ltd,manufacturing,Surat,Tier2,17.0,NTB,79.25950291801064,71.26381891561883,81.11740444758544,73.55555555555554,75.83916083916085,4.8,66.7,26.2,1196490.74,942455.48,0.2286,1956548.65,0.8,1,0.832,100.0,12.5,0,0.0881
75,Modern Exports,food_processing,Nagpur,Tier3,15.2,NTB,72.80775950790348,78.29875879412381,82.5837985937269,69.77777777777777,74.9682616929213,3.9,58.3,4.9,953570.96,732585.01,0.1135,1778475.23,2.1,0,0.787,100.0,-2.8,0,0.066
76,Star Mfg Pvt Ltd,manufacturing,Varanasi,Tier3,1.9,existing_customer,72.03738499393414,76.7599433631784,81.72142900285196,68.44444444444446,75.96729617687703,4.9,58.3,20.7,515295.63,393028.02,0.145,1856536.16,1.2,1,0.861,100.0,0.7,0,0.0872
77,Shree Services Group,services,Ahmedabad,Tier2,2.0,NTC,69.29751346298028,76.18881598828759,80.3855653561842,85.0,43.0611363033815,3.8,83.3,-3.5,576385.17,473499.42,0.0855,1053254.11,1.4,1,0.828,33.3,3.7,0,0.2623
78,Sri Stores Bros,retail,Jaipur,Tier2,2.6,existing_customer,90.6989846219173,74.27988902777842,57.01916598363958,74.88888888888889,75.72445540071439,3.8,66.7,68.8,386360.48,303936.81,0.1763,507108.58,8.3,11,0.463,100.0,2.1,0,0.4502
79,Sunrise Industries Pvt Ltd,manufacturing,Pune,Tier2,9.4,NTC,31.312970717891172,74.90893705293072,78.03213727073002,79.33333333333334,74.26506614404704,4.2,75.0,-53.1,738015.91,578090.77,0.1601,456484.07,0.9,3,0.847,100.0,-7.1,0,0.1433
80,Heritage Foods Pvt Ltd,food_processing,Mumbai,Tier1,2.6,existing_customer,75.5437627948748,78.31518050610005,79.45440702387089,79.44444444444446,74.39416192399487,4.2,75.0,29.0,929563.14,691645.67,0.1487,1698557.52,1.7,1,0.847,100.0,-1.1,0,0.0932
81,Galaxy Works,manufacturing,Rajkot,Tier3,6.9,NTC,32.425193829880264,75.2019392005202,79.06215733785747,86.22222222222223,73.93854016511598,2.8,83.3,-42.6,878603.08,687172.85,0.1553,1797059.38,0.9,3,0.768,100.0,-4.8,0,0.0452
82,Sri Agro,food_processing,Hyderabad,Tier1,7.8,existing_customer,68.06251827483814,77.70567403637645,81.30534465503699,68.88888888888889,75.33904782321977,4.6,58.3,-7.8,961782.07,732618.57,0.1327,96621.46,1.2,3,0.852,100.0,-4.6,1,0.0652
83,National Garments LLP,textiles,Pune,Tier2,17.4,NTB,35.64710724947231,79.71585268523927,80.45313109100206,69.11111111111111,73.92672130052757,4.4,58.3,-33.2,1013058.92,738472.76,0.1324,1535667.09,1.9,2,0.831,100.0,-4.8,0,0.2751
84,Galaxy Consultancy & Co.,services,Bengaluru,Tier1,4.1,existing_customer,76.64350914501355,77.88073022536369,53.59555450482927,79.55555555555556,75.33696873075112,4.1,75.0,12.8,642974.68,480273.21,0.147,517987.36,8.2,13,0.543,100.0,0.0,1,0.4493
85,Star Exports Pvt Ltd,food_processing,Delhi,Tier1,7.6,NTC,75.95647694879212,67.8558727967933,83.34629780164781,10.777777777777771,58.66881874344561,25.7,8.3,18.9,401414.55,330918.89,0.2649,94792.81,0.9,0,0.767,66.7,-5.0,1,0.8309
86,Royal Components Pvt Ltd,manufacturing,Pune,Tier2,1.6,NTC,80.11990563864379,71.39129291107488,78.3233215105497,74.77777777777777,74.71550112444794,3.9,66.7,33.6,776711.87,623532.86,0.1989,1978163.92,1.2,3,0.783,100.0,-3.3,0,0.1422
87,Sri Retail Group,retail,Ahmedabad,Tier2,8.3,NTB,59.7366216456338,64.1379265811258,83.82083876095152,72.66666666666666,73.98630780983723,5.5,66.7,4.8,358829.6,281772.8,0.3871,1556289.77,1.1,1,0.804,100.0,-4.9,0,0.1271
88,Eagle Components LLP,manufacturing,Varanasi,Tier3,6.8,existing_customer,80.24085385173066,76.52609908266547,82.28270284716137,69.22222222222223,75.62998226263532,4.3,58.3,38.2,592689.97,447545.75,0.1593,388730.82,1.1,1,0.868,100.0,0.0,0,0.087
89,Apex Traders Pvt Ltd,retail,Delhi,Tier1,14.8,NTB,88.5438366294896,69.17586118475015,86.10185855612282,23.77777777777778,74.8802908931297,19.7,16.7,71.1,742189.66,551534.99,0.3381,993693.47,0.8,1,0.841,100.0,1.3,0,0.4997
90,Galaxy Mfg LLP,manufacturing,Delhi,Tier1,14.7,existing_customer,78.04960688842917,66.17735593664028,80.54175984539658,78.66666666666667,74.72907886815173,4.8,75.0,38.5,1599194.82,1296542.78,0.2942,922141.66,1.1,3,0.783,100.0,-4.7,0,0.06
91,Shree Exports LLP,food_processing,Delhi,Tier1,16.6,existing_customer,78.83781716697612,64.93400133001194,57.074483938731035,86.22222222222223,75.42939516623727,2.8,83.3,5.0,1216015.18,955949.67,0.3566,601116.85,9.0,8,0.401,100.0,4.0,0,0.4027
92,Modern Mart,retail,Surat,Tier2,16.8,existing_customer,90.56489888004556,75.06143448611236,53.66614243084267,75.22222222222221,75.10031548493089,3.6,66.7,65.5,451324.98,356902.85,0.1481,513859.14,6.8,15,0.408,100.0,1.5,1,0.4685
93,Galaxy Agro LLP,food_processing,Rajkot,Tier3,10.4,NTC,72.98815711144594,77.56090407787954,80.48840202011714,8.222222222222229,59.64587807917694,23.8,0.0,23.5,1087197.6,837241.24,0.128,56883.87,1.8,0,0.778,66.7,4.1,0,0.6546
94,Apex Weaves Pvt Ltd,textiles,Pune,Tier2,1.3,existing_customer,71.81368131298483,76.61087668401856,81.61036427662766,74.44444444444444,74.20146372474534,4.2,66.7,17.2,1149412.23,896812.14,0.1332,1955368.89,1.7,1,0.868,100.0,0.0,1,0.095
95,Heritage Naturals Pvt Ltd,food_processing,Bengaluru,Tier1,1.8,existing_customer,80.7343654415919,68.61308706691796,82.46541666438713,84.8888888888889,76.08378706164685,3.8,83.3,9.9,1154495.73,894209.1,0.2863,160518.18,1.1,0,0.838,100.0,6.8,0,0.13
96,Apex Mills LLP,textiles,Delhi,Tier1,10.2,NTB,75.01884020409629,76.0840483433738,78.4303036303983,78.77777777777777,75.40887532028567,4.7,75.0,18.7,992991.34,766275.77,0.1554,143898.06,1.3,2,0.813,100.0,9.7,0,0.0808
97,Sunrise Fabrics LLP,textiles,Delhi,Tier1,17.6,existing_customer,76.06531317688751,74.056144298688,83.94258041734672,78.77777777777777,74.44717444717446,4.7,75.0,16.6,480146.04,367070.54,0.1957,1789391.65,1.2,0,0.806,100.0,-4.8,1,0.0722
98,Royal Processors Group,food_processing,Ahmedabad,Tier2,12.2,existing_customer,38.94201418847689,76.88228005692727,82.42535155161906,80.66666666666667,74.1638795986622,3.2,75.0,-39.7,1031694.72,771321.26,0.1601,1058720.0,0.9,0,0.787,100.0,-8.3,0,0.0502
99,Prime Mills Pvt Ltd,textiles,Pune,Tier2,16.3,existing_customer,39.72552532068455,77.11479972387437,78.75763396860054,64.66666666666667,73.89994398664919,4.0,50.0,-33.8,975125.53,764773.6,0.1183,499598.07,0.8,1,0.79,100.0,-4.8,0,0.0492
100,Shree Traders Bros,retail,Agra,Tier3,13.2,NTB,91.19395425035043,78.08442011493709,79.33022072853325,79.22222222222223,59.06361570918533,4.3,75.0,77.2,849014.98,645619.82,0.1219,2048131.26,1.7,0,0.758,66.7,3.9,0,0.0961
101,Eagle Forge Group,manufacturing,Coimbatore,Tier3,10.3,existing_customer,70.92279251615697,78.1041213130423,74.71139317377822,12.333333333333332,73.68095975880408,20.8,0.0,-4.5,1317708.07,982102.13,0.1451,81571.2,1.9,5,0.77,100.0,-3.6,1,0.4443
102,Modern Foods LLP,food_processing,Pune,Tier2,16.6,existing_customer,82.10400514325949,62.03524029671236,85.12038923384446,79.55555555555556,75.17727687630601,4.1,75.0,34.1,1034102.39,903840.6,0.3084,1391453.35,1.2,0,0.832,100.0,-0.8,0,0.1643
103,Apex Components Group,manufacturing,Ahmedabad,Tier2,16.5,NTB,77.13795437146246,78.44472396512687,81.10604677506194,74.77777777777777,75.68409851018546,3.9,66.7,14.1,1156003.82,874213.8,0.123,1044398.44,1.6,0,0.765,100.0,5.7,0,0.0614
104,National Garments Bros,textiles,Chennai,Tier1,6.8,NTC,77.06322240150641,77.50133021717843,45.012091110222535,64.11111111111111,75.77079470050715,4.4,50.0,28.3,650977.87,504850.64,0.1184,769907.82,8.8,12,0.402,100.0,2.0,0,0.3998
105,Swadeshi Textiles,textiles,Chennai,Tier1,15.4,NTC,75.76951643358748,68.47089933276985,85.00683891673962,74.0,75.36021074498527,4.5,66.7,40.5,396292.53,292889.18,0.3395,204536.89,1.7,0,0.792,100.0,-4.3,0,0.0789
106,Pioneer Naturals LLP,food_processing,Jaipur,Tier2,12.9,existing_customer,82.93200904841366,80.28233425506221,50.93100018971155,80.33333333333334,74.67706182073343,3.5,75.0,41.5,860272.26,609414.48,0.1429,471316.8,11.8,12,0.461,100.0,-4.0,1,0.6376
107,Royal Forge LLP,manufacturing,Mumbai,Tier1,6.4,existing_customer,37.034437701723746,73.4289020418051,80.19036227579305,63.333333333333336,73.90297716384671,5.0,50.0,-39.6,1077899.27,897635.97,0.1355,2126022.45,1.2,0,0.737,100.0,-5.5,1,0.1468
108,Pioneer Enterprises,retail,Lucknow,Tier2,5.0,existing_customer,86.6853134062738,80.43256980476495,77.31719160065055,90.44444444444444,75.95359186268277,3.4,91.7,111.8,925182.16,678067.27,0.1145,1179696.28,0.8,5,0.846,100.0,8.6,0,0.1263
109,Apex Stores,retail,Rajkot,Tier3,2.2,NTC,89.38354723451025,62.14994719131974,54.51373376460201,86.22222222222223,75.05067396371744,2.8,83.3,52.0,719364.26,556790.52,0.4118,858831.17,9.4,10,0.432,100.0,0.0,0,0.5109
110,Heritage Textiles Group,textiles,Surat,Tier2,11.4,existing_customer,80.58421825581155,64.96146693915844,82.88431017185019,68.77777777777777,46.77141963727331,4.7,58.3,30.9,855838.92,671768.56,0.3402,695985.86,2.0,0,0.788,41.7,3.2,1,0.2641
111,Bharat Processors,food_processing,Nagpur,Tier3,9.0,existing_customer,75.36489620562409,76.02696287784296,40.5514706706899,74.0,74.495902870136,4.5,66.7,11.5,925476.08,735744.45,0.1214,688978.52,9.2,20,0.447,100.0,-1.9,0,0.4228
112,Sri Consultancy Group,services,Pune,Tier2,13.3,existing_customer,75.17352311213438,82.14016378086271,83.47432458167442,72.33333333333333,75.74566581743616,5.8,66.7,16.3,579661.42,416559.54,0.0973,1180069.32,1.7,1,0.82,100.0,8.5,0,0.212
113,Royal Agro LLP,food_processing,Surat,Tier2,6.4,existing_customer,73.3918771352444,73.64315733961286,82.7211397735034,66.55555555555556,75.12447099825741,6.3,58.3,3.1,654633.1,536632.14,0.1379,372480.58,0.8,1,0.732,100.0,0.0,0,0.0943
114,Star Exports & Co.,food_processing,Pune,Tier2,11.7,NTB,76.87838101650797,73.92798743660947,84.03928230681174,67.44444444444446,75.7703165487471,5.7,58.3,29.9,574394.31,456139.47,0.1621,1606244.88,1.2,0,0.791,100.0,4.2,0,0.1312
115,Apex Agro Bros,food_processing,Pune,Tier2,5.2,existing_customer,71.70770888535743,79.89667517183281,80.23491226377168,16.55555555555556,75.32351339199222,21.3,8.3,0.4,820172.02,596622.41,0.1323,1562052.88,1.0,2,0.768,100.0,4.5,0,0.5724
116,Modern Mart & Co.,retail,Chennai,Tier1,12.5,existing_customer,90.05104099453158,72.59787857732425,79.51978966500876,62.77777777777778,74.92240442812064,5.4,50.0,94.9,451284.02,373612.77,0.1462,2117670.32,1.2,1,0.763,100.0,9.2,0,0.0787
117,Sunrise Processors LLP,food_processing,Mumbai,Tier1,3.6,NTC,80.78283659928269,72.65767294077531,80.72639347076515,80.33333333333334,73.46153846153847,3.5,75.0,29.8,515252.84,433539.58,0.1423,1441882.25,1.2,0,0.773,100.0,-7.7,0,0.1178
118,Galaxy Garments Bros,textiles,Jaipur,Tier2,7.5,NTC,32.733040992228894,67.3864411540165,82.04619234436265,79.88888888888889,73.9297888645192,3.8,75.0,-43.7,752306.0,586840.21,0.3017,534704.23,1.0,0,0.731,100.0,-4.8,1,0.1099
119,Royal Tech Bros,services,Chennai,Tier1,11.2,existing_customer,79.08685196212829,75.17251701209582,79.4809112073477,85.22222222222223,75.14795894528635,3.6,83.3,12.8,290409.08,227150.64,0.1591,338133.74,1.3,2,0.749,100.0,-1.3,0,0.1485
120,Galaxy Processors,food_processing,Surat,Tier2,12.1,NTC,33.09213885681947,67.27569541176017,79.89577173108512,63.44444444444445,73.97696581701784,4.9,50.0,-34.2,320758.7,253088.23,0.2984,1812931.97,0.9,2,0.711,100.0,-4.5,0,0.0797
121,Pioneer Naturals Pvt Ltd,food_processing,Bengaluru,Tier1,4.4,NTC,75.87208197770352,73.09807819381506,80.72521233462254,10.222222222222229,75.267348843061,26.1,8.3,21.8,436955.3,363275.84,0.1416,1566978.49,1.6,1,0.796,100.0,3.7,0,0.4435
122,Star Mills Pvt Ltd,textiles,Rajkot,Tier3,11.7,existing_customer,74.93989655202952,67.55803118215917,81.44147320190233,78.77777777777777,75.10782169372479,4.7,75.0,29.0,390372.66,301593.6,0.3256,497623.24,1.4,1,0.83,100.0,3.1,0,0.0821
123,Star Retail LLP,retail,Bengaluru,Tier1,17.4,existing_customer,89.15277741820493,72.53611320138188,82.11863628642146,81.11111111111111,74.60894368789106,2.9,75.0,85.2,984093.24,807656.3,0.1612,1481699.72,1.0,2,0.834,100.0,-2.5,0,0.0912
124,Sunrise Retail & Co.,retail,Pune,Tier2,1.3,existing_customer,89.58547611454233,80.35336338763835,78.38462564279597,98.22222222222223,75.91004885525433,1.3,100.0,84.6,1010704.52,730597.15,0.1323,1140675.79,1.3,3,0.796,100.0,-0.6,0,0.0824
125,Royal Retail Group,retail,Ahmedabad,Tier2,2.7,existing_customer,87.39119919878091,76.02748799761585,82.33691904713724,68.44444444444446,74.8868351565447,4.9,58.3,127.1,374903.09,299227.1,0.1332,491423.08,0.8,1,0.85,100.0,-1.0,0,0.0969
126,Star Works Pvt Ltd,manufacturing,Hyderabad,Tier1,13.0,existing_customer,70.87743879486041,76.236615038561,78.67082255386667,67.0,74.85184307218206,6.0,58.3,31.0,1448651.5,1111696.84,0.1536,1452987.86,1.2,3,0.765,100.0,2.6,0,0.0694
127,Royal Exports LLP,food_processing,Surat,Tier2,12.2,existing_customer,79.36102841535404,68.89805853742753,80.22634553070274,86.33333333333334,73.7930987930988,2.8,83.3,16.4,1199503.47,919995.27,0.301,2014466.45,1.8,0,0.85,100.0,-8.8,0,0.0976
128,Prime Exports Pvt Ltd,food_processing,Hyderabad,Tier1,14.7,NTC,79.91883188088586,80.04950095255487,81.93653915835444,69.0,74.04078222662294,4.5,58.3,41.0,371307.28,275312.2,0.101,520964.65,0.9,3,0.878,100.0,-3.4,0,0.1536
129,Galaxy Textiles,textiles,Ahmedabad,Tier2,14.2,existing_customer,77.16879730292611,77.19665629603251,76.63943004276743,10.777777777777771,74.33339122528314,25.7,8.3,29.6,945618.93,696611.24,0.1682,1076412.22,1.2,4,0.787,100.0,-3.8,1,0.6444
130,Sunrise Consultancy & Co.,services,Bengaluru,Tier1,2.8,existing_customer,34.96988835925731,77.71666890288336,84.35943986269069,80.22222222222223,73.90795754611173,3.6,75.0,-34.3,389830.34,300163.69,0.1262,1421940.89,1.1,0,0.752,100.0,-4.6,0,0.0857
131,Shree Mills Pvt Ltd,textiles,Agra,Tier3,17.2,existing_customer,77.17731003950732,75.06971910661345,78.24508995242562,68.66666666666667,73.82445141065831,4.8,58.3,6.6,679003.93,538496.74,0.1482,775997.64,1.3,2,0.843,100.0,-3.5,1,0.1153
132,Heritage Mills Pvt Ltd,textiles,Bengaluru,Tier1,16.3,NTB,75.74308949382959,75.7311185955211,78.40974526645061,68.66666666666667,75.01088123494763,4.8,58.3,38.5,975569.14,787425.93,0.1176,1681802.22,1.8,2,0.777,100.0,8.4,0,0.1191
133,Shree Solutions Pvt Ltd,services,Jaipur,Tier2,3.9,existing_customer,74.88377244885453,77.87884529409453,83.95821975710118,79.0,75.12325337000662,4.5,75.0,24.6,195126.48,145379.75,0.143,353263.63,1.0,1,0.824,100.0,1.5,0,0.1181
134,Shree Fabrics & Co.,textiles,Ahmedabad,Tier2,13.0,NTC,77.18122411406304,76.02565681876924,81.10290700957525,74.33333333333333,74.3006993006993,4.2,66.7,31.8,796963.46,632696.45,0.125,1760717.21,0.7,2,0.817,100.0,-8.3,0,0.0855
135,Heritage Mfg & Co.,manufacturing,Hyderabad,Tier1,15.3,NTC,71.29961374371337,71.88155653567676,83.40386965760612,75.44444444444444,75.39951191412663,3.4,66.7,0.4,1385010.48,1090029.01,0.2145,1149653.2,2.0,1,0.826,100.0,4.3,0,0.0801
136,Eagle Forge & Co.,manufacturing,Delhi,Tier1,16.0,NTB,69.06700681044127,69.22942112241529,76.05412402972975,79.11111111111111,74.62549962549963,4.4,75.0,6.5,782472.87,572997.74,0.3219,57325.94,1.4,4,0.759,100.0,-1.6,1,0.1043
137,Shree Works,manufacturing,Delhi,Tier1,15.1,NTC,39.03425883996607,75.60927911546415,82.37026325049295,68.0,73.85379521141111,5.2,58.3,-42.1,1115993.66,875325.34,0.147,967462.69,1.7,1,0.779,100.0,-5.8,0,0.1045
138,Swadeshi Stores Bros,retail,Ahmedabad,Tier2,11.3,NTC,86.7427287009473,75.31955162839978,79.62609168181456,73.55555555555554,53.89289681835268,4.8,66.7,135.2,483930.69,380049.29,0.1509,1027503.02,1.2,4,0.817,58.3,-4.7,0,0.2229
139,Galaxy Services Bros,services,Bengaluru,Tier1,13.3,NTC,75.22143381165402,76.36381246441469,83.46634726133152,81.0,74.4961034564995,3.0,75.0,28.9,238142.79,179787.05,0.1672,898413.64,1.2,0,0.771,100.0,-4.4,0,0.059
140,Pioneer Mills Pvt Ltd,textiles,Rajkot,Tier3,14.7,existing_customer,76.53029822453692,72.73923406901828,82.98041959355702,85.55555555555557,75.44946706048543,3.3,83.3,32.5,466883.66,373011.61,0.1826,536019.27,0.9,0,0.772,100.0,2.1,0,0.0893
141,Eagle Mfg,manufacturing,Bengaluru,Tier1,12.1,existing_customer,76.4635780912871,79.19648763508319,84.41564865954376,81.0,74.85652645227114,3.0,75.0,18.9,776660.95,573287.95,0.1264,2078123.95,1.5,0,0.818,100.0,-0.5,0,0.0824
142,Heritage Stores Bros,retail,Bengaluru,Tier1,12.2,NTC,89.62613313423353,79.41683884926047,82.18833246500425,68.0,75.50198403212698,5.2,58.3,101.3,1027879.21,725910.83,0.1515,1592795.3,1.1,1,0.779,100.0,2.2,0,0.1375
143,Star Consultancy Bros,services,Jaipur,Tier2,16.2,existing_customer,76.92486780530521,78.00124058670724,83.88535363243285,13.44444444444444,75.65051227841926,23.7,8.3,23.6,499839.31,383408.69,0.1172,2017271.36,1.0,0,0.812,100.0,0.0,1,0.5997
144,Royal Mart Bros,retail,Delhi,Tier1,13.1,NTB,88.94549115041329,73.73240987860191,81.34119093717932,13.44444444444444,74.83862291554598,27.4,16.7,81.6,914863.18,729789.62,0.1664,678915.34,0.8,2,0.784,100.0,3.1,1,0.6396
145,Star Weaves Group,textiles,Nagpur,Tier3,5.0,NTC,73.84757661221678,75.98141798977177,84.03586420338479,2.1111111111111085,66.22808086222722,28.4,0.0,23.9,1155179.95,896620.61,0.1486,928327.21,1.2,0,0.747,83.3,0.0,0,0.6079
146,Apex Forge Bros,manufacturing,Nagpur,Tier3,9.4,existing_customer,73.28192810112832,71.56100235006369,57.46139742322315,68.33333333333334,73.74752113558085,5.0,58.3,-6.9,1397475.3,1051199.19,0.2528,364650.56,9.1,12,0.471,100.0,-4.4,1,0.4474
147,Royal Textiles Group,textiles,Rajkot,Tier3,2.6,existing_customer,77.08960219596628,64.93093922910182,82.65329133150013,78.55555555555556,74.59576674142318,4.8,75.0,26.3,1266085.39,1012676.58,0.3532,398730.49,1.5,0,0.783,100.0,0.8,0,0.1323
148,Eagle Works & Co.,manufacturing,Rajkot,Tier3,2.8,NTC,82.20987810731513,74.12321783731842,82.11489761201817,6.777777777777771,74.84532893380077,28.7,8.3,29.7,904282.89,685052.65,0.2038,97908.02,1.3,1,0.882,100.0,-9.2,0,0.4058
149,Sunrise Ventures Bros,services,Ahmedabad,Tier2,10.7,NTB,74.12292218218006,79.55701026696167,82.57758653627948,90.33333333333333,74.40673045366186,3.5,91.7,10.7,470883.56,347141.34,0.1271,1185388.93,1.3,0,0.788,100.0,-8.3,0,0.1237
150,Bharat Solutions Pvt Ltd,services,Pune,Tier2,8.3,existing_customer,75.76094532059471,78.5261112538323,78.72550471220983,79.88888888888889,74.67129644549,3.8,75.0,1.2,530195.05,390598.72,0.149,1430634.6,1.3,3,0.797,100.0,0.6,0,0.1014
151,Pioneer Weaves Group,textiles,Delhi,Tier1,11.2,NTB,72.2818470605502,78.60964816607373,80.91863167407294,80.22222222222223,74.89788972089858,3.6,75.0,-1.6,604301.64,445761.23,0.1432,570684.19,1.3,0,0.812,100.0,-3.6,0,0.1042
152,Swadeshi Industries Pvt Ltd,manufacturing,Ahmedabad,Tier2,12.3,existing_customer,74.34158487661824,66.65949719682287,82.47618808666438,78.44444444444446,74.94449994449995,4.9,75.0,24.8,877968.24,692214.38,0.3162,1018625.44,1.6,1,0.841,100.0,0.0,0,0.1857
153,Heritage Components Group,manufacturing,Bengaluru,Tier1,17.4,NTC,73.50767005719092,73.8620957790508,80.76575805870513,73.66666666666666,75.39456639882474,4.8,66.7,36.7,757041.19,593922.38,0.1794,1436476.17,1.2,2,0.8,100.0,1.8,0,0.09
154,Eagle Services,services,Rajkot,Tier3,4.8,existing_customer,72.7521521190279,73.99793393927479,80.4854336372404,80.66666666666667,75.46204966542362,3.2,75.0,10.5,365667.22,291397.25,0.1597,1925442.63,1.3,1,0.803,100.0,5.8,0,0.0908
155,Apex Forge & Co.,manufacturing,Bengaluru,Tier1,2.1,NTC,78.58324003546483,82.0738082325379,80.59215167007007,84.44444444444446,74.64562464562465,4.2,83.3,50.4,1307166.1,904971.85,0.1286,1859416.09,1.1,1,0.742,100.0,0.6,0,0.0818
156,Shree Traders & Co.,retail,Delhi,Tier1,6.7,existing_customer,89.72489058892823,64.3352627721967,49.594439245879286,62.333333333333336,74.62907158630844,5.8,50.0,120.5,1155091.38,933860.19,0.3352,855027.94,5.8,15,0.507,100.0,-1.9,0,0.45
157,Eagle Components Bros,manufacturing,Delhi,Tier1,2.7,existing_customer,69.36337956628273,77.84701693004715,86.6809584830958,68.33333333333334,75.12234542621283,5.0,58.3,16.0,982609.25,767838.27,0.1041,493898.12,1.1,0,0.855,100.0,6.7,0,0.0607
158,Galaxy Exports LLP,food_processing,Jaipur,Tier2,5.1,NTC,76.33538272788691,78.11213591151196,52.31541246342116,79.66666666666667,74.78846775999801,4.0,75.0,13.2,576844.02,441886.83,0.1241,467508.77,7.0,14,0.483,100.0,-6.8,1,0.5415
159,Eagle Agro Bros,food_processing,Rajkot,Tier3,7.2,NTB,79.94130428631658,77.65851808768352,78.11054884467748,80.55555555555556,74.35414903567771,3.3,75.0,34.4,774442.44,593119.41,0.1192,1710293.69,0.8,3,0.828,100.0,-7.3,0,0.0672
160,Apex Stores LLP,retail,Bengaluru,Tier1,11.5,existing_customer,89.57240783414284,69.91688676011543,79.93108249563187,80.0,74.7045208312814,3.8,75.0,114.9,1440292.78,1127405.82,0.2884,786597.29,0.8,2,0.794,100.0,0.0,0,0.1381
161,Shree Naturals Group,food_processing,Surat,Tier2,13.4,existing_customer,73.90047141647028,81.1356374971698,84.26029944827845,78.77777777777777,58.03514285882044,4.7,75.0,27.1,550646.48,405117.57,0.0894,278423.33,1.2,1,0.852,66.7,-1.3,0,0.0666
162,National Naturals LLP,food_processing,Bengaluru,Tier1,11.1,existing_customer,80.31805612884253,79.46998285810173,83.49659585573123,6.2222222222222285,75.50755695916986,25.3,0.0,11.5,873521.24,620633.11,0.1578,870354.9,2.1,0,0.8,100.0,5.9,0,0.7128
163,Shree Consultancy Group,services,Pune,Tier2,9.7,existing_customer,75.36664494529349,74.04965708806625,81.7265478550352,74.77777777777777,54.619451292113155,3.9,66.7,-1.2,702353.31,552529.68,0.176,1320019.54,1.8,2,0.789,58.3,4.3,1,0.2179
164,Star Naturals Pvt Ltd,food_processing,Varanasi,Tier3,10.0,existing_customer,72.5426523915079,71.43041429703597,83.46745091292367,67.88888888888889,58.23620823620823,5.3,58.3,16.1,692906.97,498587.77,0.337,1336985.93,1.7,1,0.805,66.7,0.0,0,0.1918
165,Sunrise Agro LLP,food_processing,Jaipur,Tier2,0.7,NTC,74.5510414316482,78.05642330810858,82.84669577359195,74.88888888888889,74.97377622377623,3.8,66.7,58.3,375002.21,276420.08,0.1589,849127.19,0.9,1,0.788,100.0,-3.0,0,0.0643
166,Royal Services Bros,services,Varanasi,Tier3,3.4,NTB,36.531088052775125,76.08474918430737,82.33580043218743,79.11111111111111,73.91584925141973,4.4,75.0,-30.4,229550.29,179558.64,0.1422,488765.07,2.1,0,0.798,100.0,-4.7,0,0.115
167,National Mills Bros,textiles,Bengaluru,Tier1,8.5,NTC,78.44169365480123,75.48042082867252,83.85164207955029,91.22222222222221,48.69816346278544,2.8,91.7,25.3,861498.12,675584.33,0.147,926958.63,1.4,0,0.778,50.0,-3.3,0,0.2779
168,Galaxy Traders LLP,retail,Bengaluru,Tier1,9.2,existing_customer,88.20417267828742,70.2845655701391,81.3789241114123,79.88888888888889,75.45841048411742,3.8,75.0,82.6,530168.78,441128.25,0.1996,1121469.19,1.1,0,0.769,100.0,2.0,0,0.0447
169,Galaxy Traders Group,retail,Lucknow,Tier2,17.9,NTC,89.3509417646183,74.36956516358703,78.32902896152501,80.22222222222223,75.68591695385955,3.6,75.0,124.6,1152479.51,912341.73,0.1542,873339.55,1.9,2,0.798,100.0,5.9,0,0.1322
170,Modern Fabrics Pvt Ltd,textiles,Nagpur,Tier3,4.6,existing_customer,81.16467206833931,75.31263803922899,88.21366697784045,92.0,66.37357740298918,2.2,91.7,41.9,1006477.51,744077.59,0.2248,1037184.51,0.8,0,0.869,83.3,2.7,0,0.0601
171,Star Industries Pvt Ltd,manufacturing,Mumbai,Tier1,11.8,NTC,79.86454694179491,76.98758460427983,86.16219083552438,79.77777777777777,57.99588193108809,3.9,75.0,38.4,417498.57,320839.57,0.1374,1208818.95,1.3,0,0.817,66.7,1.6,0,0.1152
172,Prime Tech Group,services,Surat,Tier2,12.7,NTB,75.2302900721165,68.37251816803254,58.62077934630323,17.555555555555557,75.44856459330144,24.3,16.7,41.3,514188.49,395891.09,0.3048,422114.2,10.1,5,0.432,100.0,2.0,1,0.8932
173,Eagle Mfg Pvt Ltd,manufacturing,Ahmedabad,Tier2,11.3,existing_customer,41.41030085171884,71.82807801623659,75.35826156262507,79.11111111111111,73.90519828075583,4.4,75.0,-27.2,1400832.81,1023756.96,0.2928,878115.58,1.7,4,0.799,100.0,-5.2,1,0.1095
174,Sri Works & Co.,manufacturing,Pune,Tier2,2.8,existing_customer,36.414954426299374,78.35525464359085,82.17088269995688,68.88888888888889,73.86621315192744,4.6,58.3,-27.1,1299321.91,990607.68,0.1192,2121599.28,1.0,2,0.833,100.0,-4.9,0,0.0767
175,Star Enterprises LLP,retail,Pune,Tier2,11.7,existing_customer,88.3308666133735,65.33321092759304,82.15373123747024,85.33333333333334,75.13135344083466,3.5,83.3,92.5,1408677.68,1185370.52,0.3048,1707286.87,0.9,2,0.756,100.0,0.0,1,0.0792
176,Star Components,manufacturing,Surat,Tier2,3.6,existing_customer,72.94668484534935,78.53826787746581,82.43690938517629,71.55555555555554,76.11054826014107,6.3,66.7,13.9,451591.85,334043.2,0.143,2065577.45,1.2,1,0.772,100.0,3.7,1,0.1627
177,Sunrise Forge Bros,manufacturing,Jaipur,Tier2,10.1,existing_customer,77.46066348294082,77.2167444950397,79.9488230075383,79.22222222222223,73.79526414179878,4.3,75.0,46.9,934605.6,722463.61,0.1285,1626888.95,1.0,2,0.822,100.0,-6.8,0,0.0421
178,National Fabrics LLP,textiles,Rajkot,Tier3,2.9,NTC,73.52542832893388,66.43631695739859,79.53458905347642,22.666666666666668,74.60108706939566,24.2,25.0,18.1,828383.59,676177.22,0.2812,118613.13,1.7,1,0.784,100.0,-2.6,1,0.6279
179,Eagle Stores & Co.,retail,Bengaluru,Tier1,4.9,existing_customer,87.38625930936179,75.37042466448695,86.10612131413389,79.11111111111111,75.32255567310918,4.4,75.0,40.0,1067051.1,824120.41,0.1559,1427928.71,1.1,1,0.807,100.0,-1.4,0,0.0825
180,Eagle Garments LLP,textiles,Surat,Tier2,14.2,NTB,76.02469227523243,75.84469852286071,78.92940531351557,86.22222222222223,74.94410562794222,2.8,83.3,37.2,389214.46,300252.7,0.1607,220863.58,1.7,2,0.797,100.0,4.9,0,0.0535
181,Royal Components Bros,manufacturing,Jaipur,Tier2,4.4,existing_customer,77.51366029565705,80.43702433036748,80.7682518080606,79.77777777777777,73.43260188087775,3.9,75.0,17.3,943246.92,719101.35,0.0778,1848430.36,1.8,1,0.765,100.0,-6.7,1,0.0785
182,Prime Mart Group,retail,Varanasi,Tier3,9.0,existing_customer,89.43027654894902,74.45769085661664,83.4429155725681,80.55555555555556,76.50744332743338,3.3,75.0,69.2,877694.6,683017.55,0.1667,1958452.91,0.9,2,0.857,100.0,9.4,0,0.0537
183,Prime Agro Bros,food_processing,Bengaluru,Tier1,17.8,existing_customer,33.17821788925908,68.0537367653202,81.4697790072484,74.33333333333333,73.87059842812056,4.2,66.7,-34.5,982140.17,814615.73,0.2376,1268136.66,2.1,0,0.824,100.0,-5.2,0,0.1193
184,Swadeshi Exports Pvt Ltd,food_processing,Mumbai,Tier1,8.7,NTB,77.96146605677221,77.66843153930893,49.18573537218446,86.22222222222223,74.96977086314263,2.8,83.3,15.9,392469.02,290072.85,0.1565,802273.17,8.9,15,0.407,100.0,2.4,0,0.288
185,Sri Fabrics Bros,textiles,Hyderabad,Tier1,8.6,NTB,78.02523033953318,76.0943415740909,78.94857939396717,85.33333333333334,75.52181321216855,3.5,83.3,32.2,758303.1,597304.07,0.1368,1590072.06,1.4,3,0.778,100.0,6.3,0,0.1282
186,Galaxy Ventures,services,Rajkot,Tier3,4.0,NTC,72.03774071450974,80.32209108761379,81.81527028184942,91.55555555555554,49.20234543383938,2.6,91.7,46.0,538572.49,378022.75,0.1558,1698221.9,1.4,0,0.847,50.0,-4.8,0,0.1091
187,Sri Exports LLP,food_processing,Agra,Tier3,16.1,existing_customer,72.44434045523386,75.55682457741739,84.35924867745575,83.77777777777779,74.85869914554542,4.7,83.3,14.7,667524.47,532985.0,0.1366,1010260.24,1.6,0,0.882,100.0,-1.0,0,0.0769
188,Bharat Exports Group,food_processing,Agra,Tier3,2.8,NTB,70.46182590911158,73.79323728818724,56.785857544322766,79.33333333333334,75.43471886475301,4.2,75.0,2.6,1115576.45,863236.72,0.1943,477243.05,9.5,10,0.618,100.0,-1.1,0,0.437
189,Apex Industries LLP,manufacturing,Pune,Tier2,15.2,NTC,78.6026901755443,74.03327165599649,80.65348672597379,74.1111111111111,75.78671328671328,4.4,66.7,14.1,1133487.64,884850.53,0.1783,1131524.11,2.3,1,0.824,100.0,7.9,0,0.0861
190,Royal Industries LLP,manufacturing,Hyderabad,Tier1,10.9,existing_customer,77.92800783603374,77.76932453580852,54.44725862568989,86.77777777777779,75.31185031185032,2.4,83.3,28.0,518675.82,398760.92,0.1242,817669.74,7.7,12,0.453,100.0,5.0,0,0.3073
191,Eagle Textiles & Co.,textiles,Varanasi,Tier3,12.2,NTC,69.0817398548129,68.07484454742801,81.1887081622282,69.55555555555556,75.82206195058859,4.1,58.3,11.7,1127259.92,976372.85,0.1991,674814.66,1.2,1,0.804,100.0,1.8,0,0.0597
192,Apex Foods Group,food_processing,Surat,Tier2,9.7,existing_customer,81.79515956627569,68.91964026398685,48.09901140803469,85.8888888888889,75.34707939119704,3.1,83.3,29.0,816368.55,619090.07,0.317,879309.54,7.8,14,0.319,100.0,3.6,0,0.4685
193,Pioneer Processors Group,food_processing,Jaipur,Tier2,5.5,existing_customer,70.64307471534582,76.38901886517354,81.31771335386802,74.22222222222221,74.70808412366854,4.3,66.7,2.3,410686.25,316987.73,0.1492,1011259.94,2.0,0,0.773,100.0,0.0,0,0.1751
194,Swadeshi Naturals & Co.,food_processing,Ahmedabad,Tier2,16.2,existing_customer,73.49030587522269,73.87054059839741,80.87393269820276,74.55555555555554,74.88614858368838,4.1,66.7,17.5,985363.65,796847.09,0.1522,560437.23,1.0,2,0.817,100.0,-0.4,0,0.2017
195,Bharat Forge Group,manufacturing,Ahmedabad,Tier2,7.2,NTB,31.317589887866077,79.32569599438658,77.54324437290376,74.77777777777777,57.20688246461444,3.9,66.7,-47.9,911942.61,671777.21,0.1307,1011003.24,1.2,2,0.765,66.7,-5.0,0,0.1293
196,Star Fabrics Group,textiles,Jaipur,Tier2,9.2,NTC,69.67654827084417,78.3445412425023,84.33203711757898,80.44444444444446,58.14720767192251,3.4,75.0,-11.4,1160529.83,862338.53,0.1423,130102.39,1.4,1,0.839,66.7,-0.7,0,0.1557
197,Sri Mills Group,textiles,Mumbai,Tier1,1.1,existing_customer,74.38573999939317,74.9870477753373,80.59796717361546,56.66666666666667,76.17957514183928,6.2,41.7,36.3,1118153.8,866573.79,0.1696,1161585.82,1.3,3,0.845,100.0,2.7,0,0.0584
198,Heritage Components & Co.,manufacturing,Pune,Tier2,5.7,NTC,73.05339794882741,70.01567949304942,46.080667160798725,22.111111111111107,75.23470505398218,20.9,16.7,18.0,770264.04,587621.96,0.2601,950414.17,7.2,17,0.484,100.0,8.6,1,0.9295
199,Apex Forge Bros,manufacturing,Varanasi,Tier3,11.1,existing_customer,73.7211092104531,73.6445745589898,78.10305867780765,79.88888888888889,70.69233380333176,3.8,75.0,19.6,697456.72,560798.67,0.1578,1198141.79,1.2,4,0.808,91.7,-4.4,0,0.1226
200,Shree Agro Group,food_processing,Coimbatore,Tier3,8.6,NTC,80.03305730984468,75.61483254448873,82.14642400088675,69.55555555555556,74.9190821358909,4.1,58.3,53.1,883226.67,710290.61,0.1259,1545852.82,0.5,1,0.748,100.0,-3.3,0,0.0535
