applicant_id,year,month,employee_count,contribution_amount,contribution_on_time_flag
1,2024,1,224,1294303.53,1
1,2024,2,223,1463518.18,1
1,2024,3,222,1458526.94,1
1,2024,4,221,1267642.34,1
1,2024,5,220,1439413.96,1
1,2024,6,219,1327645.45,1
1,2024,7,218,1207896.34,1
1,2024,8,217,1180061.87,1
1,2024,9,216,1307158.42,1
1,2024,10,215,1243460.56,1
1,2024,11,214,1183555.99,1
1,2024,12,213,1225230.41,1
2,2024,1,21,131071.26,1
2,2024,2,20,126954.57,1
2,2024,3,20,130298.08,1
2,2024,4,20,110586.94,1
2,2024,5,20,118745.91,1
2,2024,6,20,121214.19,1
2,2024,7,20,119494.15,1
2,2024,8,20,117860.43,1
2,2024,9,20,113478.36,1
2,2024,10,20,131417.54,1
2,2024,11,20,126231.71,1
2,2024,12,20,111089.47,1
3,2024,1,10,55867.85,1
3,2024,2,11,62576.92,1
3,2024,3,10,60217.76,1
3,2024,4,11,62558.98,1
3,2024,5,11,64502.93,1
3,2024,6,11,63682.03,1
3,2024,7,11,68820.93,1
3,2024,8,10,54193.86,1
3,2024,9,10,63338.55,1
3,2024,10,10,64020.5,1
3,2024,11,11,71661.18,1
3,2024,12,10,57638.55,1
4,2024,1,117,637430.68,1
4,2024,2,116,695950.53,1
4,2024,3,116,647674.2,1
4,2024,4,115,626909.76,1
4,2024,5,115,643106.53,1
4,2024,6,114,658620.61,1
4,2024,7,114,715969.01,1
4,2024,8,113,692370.21,1
4,2024,9,113,739340.52,1
4,2024,10,112,632021.01,1
4,2024,11,112,672465.77,1
4,2024,12,111,646942.18,1
5,2024,1,183,1094822.68,1
5,2024,2,175,1122058.4,1
5,2024,3,179,1176266.57,1
5,2024,4,168,945485.31,1
5,2024,5,181,1099952.99,1
5,2024,6,166,1017654.2,1
5,2024,7,183,1107224.84,1
5,2024,8,171,1025996.96,1
5,2024,9,177,1054929.74,1
5,2024,10,167,1040556.21,1
5,2024,11,173,955855.3,1
5,2024,12,176,1089840.23,1
6,2024,1,136,841481.97,1
6,2024,2,137,877813.04,1
6,2024,3,130,784274.67,1
6,2024,4,138,773992.37,1
6,2024,5,133,729056.17,1
6,2024,6,130,849799.7,1
6,2024,7,130,704148.37,1
6,2024,8,135,874593.07,1
6,2024,9,136,816685.22,1
6,2024,10,137,750205.79,1
6,2024,11,137,819754.89,1
6,2024,12,126,790309.12,1
7,2024,1,148,829722.03,1
7,2024,2,156,913055.41,1
7,2024,3,154,835894.27,1
7,2024,4,154,845474.52,1
7,2024,5,153,850832.6,1
7,2024,6,156,861281.56,1
7,2024,7,155,983229.49,1
7,2024,8,161,954961.66,1
7,2024,9,149,811982.23,1
7,2024,10,147,831219.36,1
7,2024,11,154,832410.27,1
7,2024,12,154,988721.63,1
8,2024,1,126,719481.95,1
8,2024,2,127,769769.41,0
8,2024,3,125,816824.98,1
8,2024,4,122,686967.0,1
8,2024,5,125,755877.92,1
8,2024,6,121,760300.53,0
8,2024,7,116,640314.27,0
8,2024,8,128,796837.32,1
8,2024,9,121,758979.27,0
8,2024,10,119,733987.55,1
8,2024,11,121,752680.75,0
8,2024,12,116,695819.03,1
9,2024,1,203,1147757.29,1
9,2024,2,197,1281842.64,1
9,2024,3,199,1154461.42,1
9,2024,4,205,1166337.83,1
9,2024,5,189,1115463.23,1
9,2024,6,204,1230336.54,1
9,2024,7,196,1125980.28,1
9,2024,8,204,1183273.55,1
9,2024,9,205,1226706.36,1
9,2024,10,205,1131213.96,1
9,2024,11,199,1179578.6,1
9,2024,12,201,1153829.72,1
10,2024,1,197,1293217.13,1
10,2024,2,210,1302501.11,1
10,2024,3,201,1118571.12,1
10,2024,4,203,1242917.56,1
10,2024,5,213,1214619.17,1
10,2024,6,197,1090090.33,1
10,2024,7,213,1190853.16,1
10,2024,8,198,1260990.76,1
10,2024,9,200,1287365.15,1
10,2024,10,203,1202093.02,1
10,2024,11,194,1119513.75,1
10,2024,12,194,1259547.97,1
11,2024,1,33,206513.31,1
11,2024,2,32,207240.17,1
11,2024,3,33,191349.3,1
11,2024,4,32,188401.24,1
11,2024,5,32,177286.82,1
11,2024,6,33,197436.85,1
11,2024,7,33,211562.97,1
11,2024,8,32,177608.26,1
11,2024,9,34,210690.74,1
11,2024,10,32,182901.57,1
11,2024,11,33,194907.67,1
11,2024,12,32,196229.08,1
12,2024,1,246,1497417.88,1
12,2024,2,244,1333654.85,1
12,2024,3,243,1447276.1,1
12,2024,4,242,1346082.64,1
12,2024,5,241,1509223.99,1
12,2024,6,240,1431987.56,1
12,2024,7,239,1368411.19,1
12,2024,8,238,1408994.68,1
12,2024,9,237,1286475.13,1
12,2024,10,236,1363447.64,1
12,2024,11,235,1487131.63,1
12,2024,12,234,1292863.14,1
13,2024,1,46,272593.77,1
13,2024,2,47,266962.83,1
13,2024,3,45,272027.52,1
13,2024,4,44,250092.28,1
13,2024,5,44,248312.52,1
13,2024,6,46,289834.46,1
13,2024,7,46,256008.03,1
13,2024,8,45,290583.33,1
13,2024,9,45,270053.63,1
13,2024,10,45,273401.81,1
13,2024,11,47,309238.74,1
13,2024,12,43,250796.76,1
14,2024,1,91,520740.42,1
14,2024,2,93,564646.93,1
14,2024,3,91,544974.89,1
14,2024,4,96,599735.04,1
14,2024,5,96,585172.5,1
14,2024,6,92,549906.82,1
14,2024,7,94,508058.77,1
14,2024,8,92,502572.49,1
14,2024,9,89,568381.33,1
14,2024,10,92,528304.69,1
14,2024,11,91,581812.82,1
14,2024,12,93,550627.65,1
15,2024,1,207,1312343.96,1
15,2024,2,219,1184270.06,1
15,2024,3,210,1223615.73,1
15,2024,4,219,1263780.4,1
15,2024,5,221,1259333.53,0
15,2024,6,211,1270792.41,0
15,2024,7,209,1292754.8,1
15,2024,8,216,1389881.09,1
15,2024,9,204,1302888.51,1
15,2024,10,208,1328207.57,0
15,2024,11,215,1302880.17,1
15,2024,12,220,1369240.86,1
16,2024,1,90,569562.76,0
16,2024,2,91,599710.53,0
16,2024,3,97,570344.13,1
16,2024,4,90,534322.92,1
16,2024,5,96,564942.68,1
16,2024,6,98,624898.71,0
16,2024,7,96,547525.73,1
16,2024,8,93,608272.78,1
16,2024,9,91,598279.03,1
16,2024,10,98,559450.85,0
16,2024,11,95,547953.04,1
16,2024,12,93,604605.68,1
17,2024,1,107,585616.0,0
17,2024,2,99,593891.59,1
17,2024,3,106,582516.46,1
17,2024,4,98,588981.45,1
17,2024,5,106,596853.68,1
17,2024,6,107,648347.36,1
17,2024,7,101,618060.08,1
17,2024,8,102,589530.72,1
17,2024,9,99,565527.14,0
17,2024,10,101,584565.49,1
17,2024,11,107,672527.77,1
17,2024,12,99,561735.57,1
18,2024,1,110,715919.37,0
18,2024,2,111,720650.58,0
18,2024,3,120,667281.45,1
18,2024,4,114,653801.5,1
18,2024,5,112,635429.94,1
18,2024,6,110,686693.5,0
18,2024,7,114,674230.73,1
18,2024,8,114,703638.09,0
18,2024,9,117,673208.88,1
18,2024,10,114,677764.5,0
18,2024,11,116,681153.54,0
18,2024,12,116,647327.3,1
19,2024,1,98,589168.3,1
19,2024,2,97,558233.34,1
19,2024,3,96,519571.87,1
19,2024,4,95,615359.46,1
19,2024,5,97,532469.1,1
19,2024,6,91,553895.79,1
19,2024,7,96,551988.54,1
19,2024,8,92,552867.97,1
19,2024,9,96,546927.03,1
19,2024,10,94,536891.16,1
19,2024,11,92,552305.03,1
19,2024,12,95,570674.94,1
20,2024,1,260,1550588.15,1
20,2024,2,255,1673058.46,1
20,2024,3,258,1448907.71,1
20,2024,4,249,1365945.93,1
20,2024,5,245,1429935.9,1
20,2024,6,250,1520362.76,1
20,2024,7,245,1572494.01,1
20,2024,8,249,1422599.44,1
20,2024,9,243,1600291.42,1
20,2024,10,258,1501646.09,1
20,2024,11,239,1332870.58,1
20,2024,12,255,1464767.36,1
21,2024,1,172,985608.07,1
21,2024,2,165,896311.62,1
21,2024,3,164,1013975.15,0
21,2024,4,169,1032438.82,1
21,2024,5,162,937528.62,1
21,2024,6,170,1051787.72,0
21,2024,7,163,884219.54,1
21,2024,8,174,1091655.39,0
21,2024,9,166,911006.19,0
21,2024,10,158,927798.08,1
21,2024,11,159,984529.33,0
21,2024,12,161,1017809.91,1
22,2024,1,229,1296344.1,1
22,2024,2,228,1497026.4,1
22,2024,3,218,1192435.49,1
22,2024,4,237,1406058.95,1
22,2024,5,231,1509908.94,1
22,2024,6,234,1442879.82,1
22,2024,7,238,1395107.45,1
22,2024,8,222,1317024.26,1
22,2024,9,221,1261124.3,1
22,2024,10,232,1465214.71,1
22,2024,11,240,1333440.55,1
22,2024,12,225,1256289.1,1
23,2024,1,100,599523.88,1
23,2024,2,93,557005.49,1
23,2024,3,97,615889.28,1
23,2024,4,93,569636.07,1
23,2024,5,95,550484.53,1
23,2024,6,97,596004.85,1
23,2024,7,99,557785.53,1
23,2024,8,92,554117.34,0
23,2024,9,93,598886.41,1
23,2024,10,96,544265.96,1
23,2024,11,94,617365.0,1
23,2024,12,92,515079.86,1
24,2024,1,136,737313.9,1
24,2024,2,131,851700.04,1
24,2024,3,127,777739.47,1
24,2024,4,134,750284.27,1
24,2024,5,138,819112.77,1
24,2024,6,137,876445.07,1
24,2024,7,139,910351.32,1
24,2024,8,131,759510.66,1
24,2024,9,129,845391.4,1
24,2024,10,127,784494.12,1
24,2024,11,133,841740.45,1
24,2024,12,127,787167.65,1
25,2024,1,190,1212340.41,1
25,2024,2,184,1078149.36,1
25,2024,3,179,1145280.56,1
25,2024,4,192,1234798.94,1
25,2024,5,185,1138959.4,1
25,2024,6,181,1151730.81,1
25,2024,7,193,1224213.46,1
25,2024,8,181,1092156.3,1
25,2024,9,184,1128465.96,1
25,2024,10,189,1221954.16,1
25,2024,11,194,1203651.71,1
25,2024,12,192,1239065.33,1
26,2024,1,36,194615.94,0
26,2024,2,36,208465.37,1
26,2024,3,38,245081.17,1
26,2024,4,36,220927.67,0
26,2024,5,39,252117.34,1
26,2024,6,37,226354.85,0
26,2024,7,38,234096.58,1
26,2024,8,38,237526.64,1
26,2024,9,37,229793.23,1
26,2024,10,39,218976.54,1
26,2024,11,38,226893.25,0
26,2024,12,36,232492.52,0
27,2024,1,128,813036.82,1
27,2024,2,127,785824.65,1
27,2024,3,131,737710.55,0
27,2024,4,136,783325.12,1
27,2024,5,128,811468.59,0
27,2024,6,134,783997.82,0
27,2024,7,138,840368.48,1
27,2024,8,135,791266.99,1
27,2024,9,134,812500.51,0
27,2024,10,132,860458.97,1
27,2024,11,135,801374.42,1
27,2024,12,136,807916.19,1
28,2024,1,165,972977.71,1
28,2024,2,160,988234.9,1
28,2024,3,155,962346.57,1
28,2024,4,169,944247.92,1
28,2024,5,156,1012355.37,1
28,2024,6,167,1089714.87,1
28,2024,7,156,941850.6,1
28,2024,8,162,1068659.07,1
28,2024,9,162,987367.72,1
28,2024,10,159,1016710.53,1
28,2024,11,160,946489.76,1
28,2024,12,169,1038181.99,1
29,2024,1,149,934801.81,1
29,2024,2,147,934249.8,1
29,2024,3,151,945849.59,1
29,2024,4,138,789964.55,1
29,2024,5,141,761648.72,1
29,2024,6,138,908687.25,1
29,2024,7,143,836041.96,1
29,2024,8,144,897589.83,1
29,2024,9,144,850046.96,1
29,2024,10,147,929584.78,1
29,2024,11,151,881130.92,1
29,2024,12,144,810877.89,1
30,2024,1,75,462859.57,1
30,2024,2,77,443599.51,1
30,2024,3,80,464405.99,1
30,2024,4,77,445776.95,1
30,2024,5,74,466405.44,1
30,2024,6,79,449475.52,1
30,2024,7,74,469167.8,1
30,2024,8,81,478829.08,1
30,2024,9,79,437718.06,1
30,2024,10,79,486937.16,1
30,2024,11,80,512434.3,1
30,2024,12,80,523274.2,1
31,2024,1,180,1155549.09,1
31,2024,2,191,1081761.65,1
31,2024,3,190,1028893.93,1
31,2024,4,178,1148142.23,1
31,2024,5,180,1089325.22,1
31,2024,6,174,1042066.7,1
31,2024,7,184,1133795.91,1
31,2024,8,190,1059956.69,1
31,2024,9,178,1160820.66,1
31,2024,10,189,1106292.18,1
31,2024,11,181,989599.54,1
31,2024,12,176,1128278.67,1
32,2024,1,121,671079.17,1
32,2024,2,123,696709.46,1
32,2024,3,126,749897.56,1
32,2024,4,119,650968.64,1
32,2024,5,117,696401.01,1
32,2024,6,126,777135.55,1
32,2024,7,124,735528.09,1
32,2024,8,121,682836.65,1
32,2024,9,123,808664.11,1
32,2024,10,120,652648.25,1
32,2024,11,127,744815.75,1
32,2024,12,116,690597.07,1
33,2024,1,229,1463968.77,1
33,2024,2,235,1311180.0,1
33,2024,3,235,1413178.65,1
33,2024,4,216,1339942.56,1
33,2024,5,226,1360631.07,1
33,2024,6,231,1372782.71,1
33,2024,7,228,1370309.35,1
33,2024,8,227,1295524.92,1
33,2024,9,220,1279928.92,1
33,2024,10,224,1352340.61,1
33,2024,11,224,1394147.13,1
33,2024,12,238,1412860.79,1
34,2024,1,49,294130.62,1
34,2024,2,53,301103.52,1
34,2024,3,52,339770.26,1
34,2024,4,51,302344.8,1
34,2024,5,53,302567.04,1
34,2024,6,52,317641.56,1
34,2024,7,50,276939.64,1
34,2024,8,53,340388.84,1
34,2024,9,52,294283.44,1
34,2024,10,50,279083.25,1
34,2024,11,51,279416.95,1
34,2024,12,50,296764.67,1
35,2024,1,37,242737.56,1
35,2024,2,36,217542.31,1
35,2024,3,38,213522.49,1
35,2024,4,36,230353.83,1
35,2024,5,36,220714.25,1
35,2024,6,38,241489.2,1
35,2024,7,38,234416.49,1
35,2024,8,36,212550.06,1
35,2024,9,36,218933.23,1
35,2024,10,37,207244.57,1
35,2024,11,38,215077.68,1
35,2024,12,35,227065.38,1
36,2024,1,197,1119545.44,1
36,2024,2,208,1144613.83,1
36,2024,3,193,1246468.11,1
36,2024,4,205,1122432.73,1
36,2024,5,191,1198057.21,1
36,2024,6,203,1189062.09,1
36,2024,7,200,1085623.95,1
36,2024,8,194,1150054.8,1
36,2024,9,190,1124543.62,1
36,2024,10,195,1193031.48,1
36,2024,11,190,1105142.61,1
36,2024,12,205,1122967.9,1
37,2024,1,111,700709.91,1
37,2024,2,117,759253.02,1
37,2024,3,115,698919.4,1
37,2024,4,111,714667.72,1
37,2024,5,117,641999.3,1
37,2024,6,121,676709.57,1
37,2024,7,119,718984.44,1
37,2024,8,110,676319.28,1
37,2024,9,119,703425.95,1
37,2024,10,118,727893.68,1
37,2024,11,119,717232.45,1
37,2024,12,120,767893.55,1
38,2024,1,115,632139.39,1
38,2024,2,122,721260.23,1
38,2024,3,120,661826.46,1
38,2024,4,117,697310.1,1
38,2024,5,113,692823.98,1
38,2024,6,114,615867.94,1
38,2024,7,122,727430.81,1
38,2024,8,118,641419.56,1
38,2024,9,120,755141.37,1
38,2024,10,116,647777.93,1
38,2024,11,123,665919.42,1
38,2024,12,119,711089.68,1
39,2024,1,202,1233672.66,1
39,2024,2,202,1260883.56,1
39,2024,3,191,1260248.22,1
39,2024,4,188,1028447.2,1
39,2024,5,189,1035228.62,1
39,2024,6,203,1306876.64,1
39,2024,7,189,1099424.14,1
39,2024,8,199,1178526.67,1
39,2024,9,203,1263372.83,1
39,2024,10,200,1232080.26,1
39,2024,11,197,1126202.12,1
39,2024,12,207,1269329.33,1
40,2024,1,78,500086.84,1
40,2024,2,80,521491.55,1
40,2024,3,75,437660.71,1
40,2024,4,78,424747.32,1
40,2024,5,74,476046.07,1
40,2024,6,80,454310.92,1
40,2024,7,76,467196.02,1
40,2024,8,75,418043.08,1
40,2024,9,81,484670.98,1
40,2024,10,80,437267.05,1
40,2024,11,76,438302.08,1
40,2024,12,79,466666.68,1
41,2024,1,149,914919.85,1
41,2024,2,158,993768.48,1
41,2024,3,151,941175.41,1
41,2024,4,151,958156.58,1
41,2024,5,148,892011.56,1
41,2024,6,147,815094.12,1
41,2024,7,157,911643.3,1
41,2024,8,153,876958.82,1
41,2024,9,148,970694.12,1
41,2024,10,160,883710.43,1
41,2024,11,156,985197.86,1
41,2024,12,152,887998.32,1
42,2024,1,112,625913.45,1
42,2024,2,111,662077.57,1
42,2024,3,101,637281.04,1
42,2024,4,108,614590.84,1
42,2024,5,106,686527.43,1
42,2024,6,110,613754.26,1
42,2024,7,112,634417.07,1
42,2024,8,104,592939.19,1
42,2024,9,103,647511.07,1
42,2024,10,107,680222.2,1
42,2024,11,106,645680.55,1
42,2024,12,106,692367.44,1
43,2024,1,201,1086964.81,0
43,2024,2,202,1095406.82,1
43,2024,3,202,1258245.99,1
43,2024,4,212,1156069.7,1
43,2024,5,213,1193828.63,1
43,2024,6,198,1273041.61,1
43,2024,7,208,1169920.61,1
43,2024,8,208,1310025.06,1
43,2024,9,215,1354281.78,0
43,2024,10,206,1298461.66,1
43,2024,11,205,1231633.4,1
43,2024,12,202,1095519.39,0
44,2024,1,49,272419.16,1
44,2024,2,50,295083.91,1
44,2024,3,51,332749.3,1
44,2024,4,50,328317.59,1
44,2024,5,52,304092.4,1
44,2024,6,47,258557.74,1
44,2024,7,48,267015.1,1
44,2024,8,52,327429.34,1
44,2024,9,52,294217.71,1
44,2024,10,49,270212.66,1
44,2024,11,52,298621.3,1
44,2024,12,52,310552.28,1
45,2024,1,196,1147712.38,1
45,2024,2,203,1220271.27,1
45,2024,3,203,1147732.12,1
45,2024,4,199,1131045.09,1
45,2024,5,198,1209410.64,1
45,2024,6,200,1081896.35,1
45,2024,7,190,1210403.87,1
45,2024,8,209,1212059.03,1
45,2024,9,200,1209509.85,1
45,2024,10,201,1263551.07,1
45,2024,11,191,1071701.73,1
45,2024,12,193,1223501.39,1
46,2024,1,145,897659.78,1
46,2024,2,154,892601.55,1
46,2024,3,147,828242.66,1
46,2024,4,154,903472.63,1
46,2024,5,147,821765.11,0
46,2024,6,148,966025.14,0
46,2024,7,150,967818.95,0
46,2024,8,146,859854.84,0
46,2024,9,146,960547.46,1
46,2024,10,152,891323.87,0
46,2024,11,143,785099.48,1
46,2024,12,156,850705.06,1
47,2024,1,127,807330.74,1
47,2024,2,123,752586.52,1
47,2024,3,124,675096.45,1
47,2024,4,125,802336.6,1
47,2024,5,123,770537.21,1
47,2024,6,128,702044.66,1
47,2024,7,122,744036.22,1
47,2024,8,133,778482.91,1
47,2024,9,124,697208.52,1
47,2024,10,127,792647.43,1
47,2024,11,130,718506.37,1
47,2024,12,121,714603.14,1
48,2024,1,227,1229195.97,1
48,2024,2,232,1345522.49,1
48,2024,3,245,1545146.8,1
48,2024,4,244,1410118.5,1
48,2024,5,224,1365845.51,1
48,2024,6,237,1300651.69,1
48,2024,7,228,1277195.25,1
48,2024,8,235,1442275.5,1
48,2024,9,239,1526620.46,1
48,2024,10,239,1561122.4,1
48,2024,11,244,1540038.91,1
48,2024,12,235,1377175.06,1
49,2024,1,200,1096461.53,1
49,2024,2,218,1178148.44,1
49,2024,3,201,1229116.43,1
49,2024,4,203,1329774.05,1
49,2024,5,214,1162191.31,1
49,2024,6,215,1267810.96,1
49,2024,7,200,1236036.88,1
49,2024,8,220,1362859.07,1
49,2024,9,205,1299385.0,1
49,2024,10,205,1304345.7,1
49,2024,11,209,1324116.52,1
49,2024,12,217,1217053.87,1
50,2024,1,46,287810.42,1
50,2024,2,44,259600.59,1
50,2024,3,46,260745.62,1
50,2024,4,45,247099.84,1
50,2024,5,42,242143.26,1
50,2024,6,44,250308.47,1
50,2024,7,47,285947.7,1
50,2024,8,47,274995.14,1
50,2024,9,43,238249.83,0
50,2024,10,46,250218.68,1
50,2024,11,46,274483.33,1
50,2024,12,45,281523.64,1
51,2024,1,213,1181649.69,1
51,2024,2,215,1339472.27,0
51,2024,3,208,1137492.56,1
51,2024,4,210,1152185.93,1
51,2024,5,217,1367411.38,0
51,2024,6,223,1436654.16,1
51,2024,7,214,1295413.16,0
51,2024,8,209,1208220.31,1
51,2024,9,208,1177773.82,1
51,2024,10,210,1220705.57,1
51,2024,11,211,1239728.74,1
51,2024,12,220,1190556.58,0
52,2024,1,14,76314.37,1
52,2024,2,15,95860.67,1
52,2024,3,14,86668.03,1
52,2024,4,14,81040.75,1
52,2024,5,14,90173.01,1
52,2024,6,14,78875.47,1
52,2024,7,15,82352.91,1
52,2024,8,15,98189.82,1
52,2024,9,14,89889.6,1
52,2024,10,15,91080.46,1
52,2024,11,15,95985.37,1
52,2024,12,14,76855.79,1
53,2024,1,166,951627.94,1
53,2024,2,161,885312.97,1
53,2024,3,163,1039801.96,1
53,2024,4,152,905693.41,1
53,2024,5,154,922323.39,1
53,2024,6,152,956321.63,1
53,2024,7,157,978946.77,1
53,2024,8,161,975931.84,1
53,2024,9,158,1012935.45,1
53,2024,10,155,964446.65,1
53,2024,11,166,941955.11,1
53,2024,12,167,974428.93,1
54,2024,1,101,594152.69,1
54,2024,2,102,566962.53,1
54,2024,3,111,604150.89,1
54,2024,4,109,663965.89,1
54,2024,5,104,576515.74,1
54,2024,6,103,664780.87,1
54,2024,7,104,570912.36,1
54,2024,8,108,626995.27,1
54,2024,9,102,631281.24,1
54,2024,10,101,593371.68,1
54,2024,11,102,656669.82,1
54,2024,12,110,704207.5,1
55,2024,1,72,401745.29,1
55,2024,2,73,436051.68,1
55,2024,3,67,429535.18,1
55,2024,4,68,418752.12,1
55,2024,5,69,400539.53,1
55,2024,6,68,371270.84,1
55,2024,7,72,408264.86,1
55,2024,8,73,477940.17,1
55,2024,9,69,395614.29,1
55,2024,10,68,375456.22,1
55,2024,11,68,408356.63,1
55,2024,12,71,385757.02,1
56,2024,1,114,629549.72,1
56,2024,2,109,637936.96,1
56,2024,3,112,617235.07,1
56,2024,4,111,668599.41,1
56,2024,5,115,657982.62,1
56,2024,6,112,734507.87,1
56,2024,7,117,663410.91,1
56,2024,8,111,683732.25,1
56,2024,9,119,766442.95,1
56,2024,10,112,701112.37,1
56,2024,11,116,758723.12,1
56,2024,12,112,704644.37,1
57,2024,1,53,289930.42,1
57,2024,2,53,334712.62,1
57,2024,3,55,298402.93,1
57,2024,4,51,275534.07,1
57,2024,5,52,302518.76,1
57,2024,6,53,321024.01,1
57,2024,7,53,312019.55,1
57,2024,8,50,305630.09,1
57,2024,9,54,341213.28,1
57,2024,10,50,328142.14,1
57,2024,11,50,328987.49,1
57,2024,12,53,296472.45,1
58,2024,1,20,119075.44,1
58,2024,2,20,127257.92,1
58,2024,3,19,104746.48,1
58,2024,4,19,106236.37,1
58,2024,5,19,117132.11,1
58,2024,6,20,130701.93,1
58,2024,7,20,125600.85,1
58,2024,8,20,116298.64,1
58,2024,9,20,125843.34,1
58,2024,10,20,127958.99,1
58,2024,11,20,126830.01,1
58,2024,12,19,105841.77,1
59,2024,1,138,885184.41,1
59,2024,2,152,999384.12,1
59,2024,3,139,755583.37,1
59,2024,4,142,900222.31,1
59,2024,5,143,820986.8,1
59,2024,6,144,828637.21,1
59,2024,7,142,900597.22,1
59,2024,8,149,931672.21,1
59,2024,9,149,825161.57,1
59,2024,10,151,984931.92,1
59,2024,11,152,882289.92,1
59,2024,12,139,800071.73,1
60,2024,1,238,1386625.23,1
60,2024,2,247,1348543.09,1
60,2024,3,246,1617714.54,1
60,2024,4,233,1389743.67,1
60,2024,5,235,1527703.81,0
60,2024,6,235,1308197.46,0
60,2024,7,234,1289668.36,1
60,2024,8,239,1452783.34,1
60,2024,9,231,1263113.5,1
60,2024,10,231,1366764.05,0
60,2024,11,226,1447133.78,1
60,2024,12,235,1300681.5,0
61,2024,1,189,1058568.26,1
61,2024,2,188,1090917.25,1
61,2024,3,198,1117231.75,1
61,2024,4,194,1091414.72,1
61,2024,5,195,1158324.98,1
61,2024,6,185,1040449.5,1
61,2024,7,181,1102506.69,1
61,2024,8,187,1025342.81,1
61,2024,9,188,1168375.04,1
61,2024,10,183,1042512.38,1
61,2024,11,200,1227374.22,1
61,2024,12,188,1139136.7,1
62,2024,1,210,1273534.8,1
62,2024,2,207,1270209.5,1
62,2024,3,202,1296312.51,1
62,2024,4,214,1314414.63,1
62,2024,5,217,1178648.58,1
62,2024,6,217,1370549.41,1
62,2024,7,218,1220006.75,1
62,2024,8,210,1298234.34,1
62,2024,9,218,1290751.92,1
62,2024,10,200,1274924.75,1
62,2024,11,214,1397643.9,1
62,2024,12,204,1169599.66,1
63,2024,1,180,1175566.17,1
63,2024,2,181,1033809.77,1
63,2024,3,183,1066290.34,1
63,2024,4,175,1133781.82,1
63,2024,5,183,1190604.11,1
63,2024,6,173,1075471.85,1
63,2024,7,184,1214121.1,1
63,2024,8,190,1082501.44,1
63,2024,9,190,1246008.41,1
63,2024,10,183,1022291.3,1
63,2024,11,181,980791.29,1
63,2024,12,183,1182358.0,1
64,2024,1,37,205119.39,1
64,2024,2,35,203462.76,1
64,2024,3,36,230371.94,1
64,2024,4,36,217240.39,1
64,2024,5,38,219898.44,1
64,2024,6,36,194884.13,1
64,2024,7,35,227870.97,1
64,2024,8,38,229892.6,1
64,2024,9,36,230380.45,1
64,2024,10,35,221027.24,1
64,2024,11,35,224246.97,1
64,2024,12,38,229326.8,1
65,2024,1,10,56228.12,1
65,2024,2,10,63711.86,1
65,2024,3,10,64581.19,1
65,2024,4,10,58066.35,1
65,2024,5,9,53277.09,1
65,2024,6,9,48761.67,1
65,2024,7,10,56699.76,1
65,2024,8,9,54669.73,1
65,2024,9,10,54222.73,1
65,2024,10,10,61648.16,1
65,2024,11,9,52939.96,1
65,2024,12,9,56037.21,1
66,2024,1,26,167390.06,0
66,2024,2,26,140796.3,1
66,2024,3,26,154695.79,1
66,2024,4,29,166804.66,1
66,2024,5,27,176133.1,0
66,2024,6,28,171060.88,1
66,2024,7,26,150053.45,1
66,2024,8,28,167019.7,1
66,2024,9,27,149572.86,1
66,2024,10,28,176235.71,0
66,2024,11,27,165508.38,1
66,2024,12,27,151097.37,0
67,2024,1,212,1202442.12,1
67,2024,2,212,1200371.16,1
67,2024,3,217,1418599.34,1
67,2024,4,207,1128453.96,1
67,2024,5,211,1300106.12,1
67,2024,6,199,1233826.19,1
67,2024,7,198,1166395.19,1
67,2024,8,213,1324835.41,1
67,2024,9,217,1412388.83,1
67,2024,10,203,1263121.53,1
67,2024,11,204,1106754.81,1
67,2024,12,206,1240539.42,1
68,2024,1,230,1283486.42,1
68,2024,2,223,1307132.41,1
68,2024,3,213,1312011.44,1
68,2024,4,232,1478401.38,1
68,2024,5,224,1336148.69,0
68,2024,6,227,1276489.7,0
68,2024,7,228,1351977.05,1
68,2024,8,216,1231040.26,0
68,2024,9,216,1185903.56,1
68,2024,10,216,1185858.37,0
68,2024,11,226,1414510.59,1
68,2024,12,228,1270294.42,0
69,2024,1,144,950193.88,1
69,2024,2,149,970026.03,1
69,2024,3,145,860470.75,1
69,2024,4,146,882776.33,1
69,2024,5,155,976520.86,1
69,2024,6,153,883489.78,1
69,2024,7,146,957322.75,1
69,2024,8,156,990943.49,1
69,2024,9,148,853424.64,1
69,2024,10,156,1027694.39,1
69,2024,11,143,788967.54,1
69,2024,12,148,894001.46,1
70,2024,1,197,1203856.0,1
70,2024,2,196,1153544.27,1
70,2024,3,195,1107146.24,1
70,2024,4,194,1195914.1,1
70,2024,5,193,1046561.91,1
70,2024,6,192,1162468.79,1
70,2024,7,192,1185897.11,1
70,2024,8,191,1234932.06,1
70,2024,9,190,1087225.84,1
70,2024,10,189,1145072.12,1
70,2024,11,188,1025430.38,1
70,2024,12,187,1076719.04,1
71,2024,1,236,1408614.85,1
71,2024,2,238,1539405.5,1
71,2024,3,230,1490944.7,1
71,2024,4,221,1333827.39,1
71,2024,5,222,1379372.51,1
71,2024,6,243,1573783.93,1
71,2024,7,233,1431781.54,1
71,2024,8,238,1476835.72,1
71,2024,9,227,1484036.27,1
71,2024,10,240,1349159.97,1
71,2024,11,233,1305864.24,1
71,2024,12,222,1253472.06,1
72,2024,1,35,218084.23,0
72,2024,2,34,221925.29,1
72,2024,3,34,192475.23,1
72,2024,4,34,217647.55,0
72,2024,5,34,206610.16,1
72,2024,6,34,204664.2,0
72,2024,7,34,220764.67,1
72,2024,8,33,201543.11,0
72,2024,9,33,207679.27,0
72,2024,10,33,191638.77,1
72,2024,11,33,178330.1,1
72,2024,12,33,198976.43,1
73,2024,1,158,874424.75,1
73,2024,2,155,890238.48,1
73,2024,3,160,975481.15,1
73,2024,4,165,930122.51,1
73,2024,5,165,971610.19,1
73,2024,6,167,942574.36,1
73,2024,7,157,984966.45,1
73,2024,8,164,1060368.59,1
73,2024,9,156,933637.96,1
73,2024,10,165,1001562.46,1
73,2024,11,162,945518.58,1
73,2024,12,168,1040087.11,1
74,2024,1,7,43582.35,1
74,2024,2,8,43528.11,1
74,2024,3,7,39480.82,1
74,2024,4,7,41227.95,1
74,2024,5,8,45545.77,1
74,2024,6,7,45476.5,1
74,2024,7,7,42177.27,1
74,2024,8,7,39098.14,1
74,2024,9,7,42821.92,1
74,2024,10,7,39142.86,1
74,2024,11,8,49782.81,1
74,2024,12,8,43881.17,1
75,2024,1,107,581688.22,1
75,2024,2,109,643202.31,1
75,2024,3,109,611311.33,1
75,2024,4,109,620429.77,1
75,2024,5,110,623223.97,1
75,2024,6,110,637419.47,1
75,2024,7,110,623474.61,1
75,2024,8,111,607107.39,1
75,2024,9,109,608908.36,1
75,2024,10,114,640748.82,1
75,2024,11,108,706967.26,1
75,2024,12,104,614727.2,1
76,2024,1,136,831269.83,1
76,2024,2,135,854386.81,1
76,2024,3,140,878492.35,1
76,2024,4,135,885572.12,1
76,2024,5,134,794138.33,1
76,2024,6,140,892788.89,1
76,2024,7,137,881153.22,1
76,2024,8,133,787117.68,1
76,2024,9,144,921275.32,1
76,2024,10,142,793943.18,1
76,2024,11,145,925262.1,1
76,2024,12,137,830637.67,1
77,2024,1,108,657850.07,0
77,2024,2,107,588669.35,1
77,2024,3,108,602693.89,1
77,2024,4,107,615659.25,0
77,2024,5,118,759538.56,0
77,2024,6,113,712887.35,0
77,2024,7,113,651906.57,0
77,2024,8,109,695369.24,1
77,2024,9,118,697483.16,0
77,2024,10,117,744539.0,0
77,2024,11,112,735015.04,0
77,2024,12,112,706685.52,1
78,2024,1,235,1362574.6,1
78,2024,2,221,1257095.42,1
78,2024,3,233,1498603.54,1
78,2024,4,221,1288801.39,1
78,2024,5,231,1268038.37,1
78,2024,6,229,1387404.81,1
78,2024,7,235,1539168.0,1
78,2024,8,230,1499091.07,1
78,2024,9,226,1287275.23,1
78,2024,10,237,1516646.04,1
78,2024,11,230,1265631.87,1
78,2024,12,240,1374439.33,1
79,2024,1,13,73654.28,1
79,2024,2,12,71738.67,1
79,2024,3,12,71735.9,1
79,2024,4,12,71941.93,1
79,2024,5,12,72353.96,1
79,2024,6,12,72905.16,1
79,2024,7,12,74707.09,1
79,2024,8,12,68782.68,1
79,2024,9,12,69684.46,1
79,2024,10,12,68165.47,1
79,2024,11,12,65861.43,1
79,2024,12,12,78810.61,1
80,2024,1,181,1088836.53,1
80,2024,2,177,1049215.99,1
80,2024,3,170,1096739.96,1
80,2024,4,181,1018691.69,1
80,2024,5,176,1159377.28,1
80,2024,6,165,916844.35,1
80,2024,7,169,913481.49,1
80,2024,8,171,1097252.79,1
80,2024,9,173,947120.7,1
80,2024,10,167,997869.52,1
80,2024,11,174,1068606.84,1
80,2024,12,179,1092841.04,1
81,2024,1,250,1513967.17,1
81,2024,2,248,1360515.43,1
81,2024,3,247,1451756.4,1
81,2024,4,246,1360407.52,1
81,2024,5,245,1323990.11,1
81,2024,6,244,1386158.36,1
81,2024,7,243,1522376.09,1
81,2024,8,242,1367297.02,1
81,2024,9,241,1348206.56,1
81,2024,10,240,1380024.75,1
81,2024,11,239,1354497.17,1
81,2024,12,238,1511478.76,1
82,2024,1,260,1630585.62,1
82,2024,2,236,1334968.23,1
82,2024,3,241,1482189.39,1
82,2024,4,246,1591698.99,1
82,2024,5,249,1347470.61,1
82,2024,6,253,1462995.01,1
82,2024,7,256,1387063.2,1
82,2024,8,245,1573845.58,1
82,2024,9,250,1528076.13,1
82,2024,10,258,1394153.91,1
82,2024,11,247,1548801.87,1
82,2024,12,248,1525094.5,1
83,2024,1,62,350172.89,1
83,2024,2,61,335261.69,1
83,2024,3,61,338762.65,1
83,2024,4,61,351652.1,1
83,2024,5,60,335985.69,1
83,2024,6,60,357908.29,1
83,2024,7,60,350434.22,1
83,2024,8,60,344947.05,1
83,2024,9,59,344014.77,1
83,2024,10,59,321630.69,1
83,2024,11,59,381424.44,1
83,2024,12,59,347170.2,1
84,2024,1,79,461191.36,1
84,2024,2,79,476031.3,1
84,2024,3,77,429517.84,1
84,2024,4,76,411380.9,1
84,2024,5,83,497542.82,1
84,2024,6,81,437709.5,1
84,2024,7,78,426752.23,1
84,2024,8,83,546876.93,1
84,2024,9,79,476215.56,1
84,2024,10,81,530381.42,1
84,2024,11,78,425954.26,1
84,2024,12,79,500431.31,1
85,2024,1,119,775133.82,1
85,2024,2,115,755382.22,1
85,2024,3,111,645070.62,1
85,2024,4,116,682897.8,1
85,2024,5,113,649777.73,0
85,2024,6,118,736657.06,0
85,2024,7,112,633416.74,1
85,2024,8,121,772011.02,1
85,2024,9,122,706839.8,0
85,2024,10,120,685851.44,1
85,2024,11,115,647294.22,1
85,2024,12,113,613101.49,0
86,2024,1,241,1459462.38,1
86,2024,2,240,1385365.14,1
86,2024,3,237,1550719.45,1
86,2024,4,235,1375361.0,1
86,2024,5,222,1386400.01,1
86,2024,6,241,1511327.47,1
86,2024,7,237,1425951.31,1
86,2024,8,239,1439027.14,1
86,2024,9,222,1227565.77,1
86,2024,10,236,1329047.14,1
86,2024,11,244,1592151.88,1
86,2024,12,233,1330924.25,1
87,2024,1,40,221054.31,1
87,2024,2,39,248133.41,1
87,2024,3,39,228868.01,1
87,2024,4,39,253086.18,1
87,2024,5,39,251776.29,1
87,2024,6,39,251155.89,1
87,2024,7,39,239263.38,1
87,2024,8,38,244687.05,1
87,2024,9,38,212412.35,1
87,2024,10,38,239054.1,1
87,2024,11,38,232894.13,1
87,2024,12,38,245290.33,1
88,2024,1,142,884009.01,1
88,2024,2,138,901485.57,1
88,2024,3,134,749862.74,1
88,2024,4,145,830793.97,1
88,2024,5,145,839296.31,1
88,2024,6,145,888558.63,1
88,2024,7,142,923516.09,1
88,2024,8,140,813563.25,1
88,2024,9,139,892704.47,1
88,2024,10,144,861427.61,1
88,2024,11,147,803925.57,1
88,2024,12,142,927172.0,1
89,2024,1,232,1493203.52,1
89,2024,2,247,1464826.72,1
89,2024,3,225,1398872.86,1
89,2024,4,226,1433970.36,1
89,2024,5,230,1307175.55,1
89,2024,6,235,1405283.71,1
89,2024,7,233,1394256.42,1
89,2024,8,232,1414274.96,1
89,2024,9,240,1354097.38,1
89,2024,10,227,1485169.54,1
89,2024,11,230,1408007.68,1
89,2024,12,235,1400951.9,1
90,2024,1,252,1503427.78,1
90,2024,2,245,1455756.14,1
90,2024,3,262,1669167.71,1
90,2024,4,238,1457928.41,1
90,2024,5,245,1519984.7,1
90,2024,6,260,1571885.06,1
90,2024,7,253,1575000.8,1
90,2024,8,260,1467453.83,1
90,2024,9,260,1568836.45,1
90,2024,10,246,1501979.23,1
90,2024,11,247,1416445.28,1
90,2024,12,240,1490426.22,1
91,2024,1,197,1127518.35,1
91,2024,2,200,1182344.07,1
91,2024,3,200,1317640.18,1
91,2024,4,197,1269849.38,1
91,2024,5,200,1194943.02,1
91,2024,6,198,1203407.2,1
91,2024,7,191,1250083.8,1
91,2024,8,192,1196398.42,1
91,2024,9,196,1067377.76,1
91,2024,10,204,1254165.13,1
91,2024,11,202,1257328.49,1
91,2024,12,205,1171061.36,1
92,2024,1,198,1178030.67,1
92,2024,2,202,1178621.8,1
92,2024,3,198,1241778.94,1
92,2024,4,202,1190660.27,1
92,2024,5,194,1125365.87,1
92,2024,6,202,1248173.26,1
92,2024,7,204,1169474.65,1
92,2024,8,193,1115757.5,1
92,2024,9,194,1190456.14,1
92,2024,10,205,1336168.34,1
92,2024,11,200,1081749.87,1
92,2024,12,201,1126003.63,1
93,2024,1,242,1562974.29,0
93,2024,2,238,1556417.38,1
93,2024,3,231,1498005.2,1
93,2024,4,244,1474230.62,1
93,2024,5,228,1428076.89,0
93,2024,6,231,1406989.4,1
93,2024,7,234,1488987.93,1
93,2024,8,252,1479851.77,1
93,2024,9,249,1622582.3,1
93,2024,10,240,1518211.14,1
93,2024,11,248,1581587.01,0
93,2024,12,252,1595978.53,0
94,2024,1,112,659410.95,1
94,2024,2,116,728687.13,1
94,2024,3,117,689527.18,1
94,2024,4,112,636038.91,1
94,2024,5,110,668145.56,1
94,2024,6,110,664506.52,1
94,2024,7,111,724401.96,1
94,2024,8,109,693157.91,1
94,2024,9,109,678177.02,1
94,2024,10,115,679150.31,1
94,2024,11,108,615971.26,1
94,2024,12,112,713551.15,1
95,2024,1,43,257303.97,1
95,2024,2,42,242565.21,1
95,2024,3,44,251804.48,1
95,2024,4,47,267812.24,1
95,2024,5,43,261258.33,1
95,2024,6,44,243048.19,1
95,2024,7,43,256198.0,1
95,2024,8,43,278900.8,1
95,2024,9,45,288783.56,1
95,2024,10,45,289657.99,1
95,2024,11,45,291423.6,1
95,2024,12,46,257426.31,1
96,2024,1,226,1226791.53,1
96,2024,2,242,1354106.04,1
96,2024,3,226,1287141.04,1
96,2024,4,235,1276299.08,1
96,2024,5,241,1416902.67,1
96,2024,6,236,1392994.57,1
96,2024,7,227,1478420.19,1
96,2024,8,240,1548447.71,1
96,2024,9,230,1458835.05,1
96,2024,10,233,1483598.66,1
96,2024,11,226,1294270.5,1
96,2024,12,248,1615328.76,1
97,2024,1,124,718265.66,1
97,2024,2,125,779278.63,1
97,2024,3,118,697118.73,1
97,2024,4,121,776181.99,1
97,2024,5,124,695573.65,1
97,2024,6,122,793075.73,1
97,2024,7,128,778846.99,1
97,2024,8,127,808379.55,1
97,2024,9,119,760976.2,1
97,2024,10,122,781985.63,1
97,2024,11,120,670275.1,1
97,2024,12,118,675113.53,1
98,2024,1,23,146184.07,1
98,2024,2,22,130620.53,1
98,2024,3,22,144227.31,1
98,2024,4,22,121016.92,1
98,2024,5,22,141736.52,1
98,2024,6,22,137736.4,1
98,2024,7,22,143738.63,1
98,2024,8,22,142143.77,1
98,2024,9,22,141008.54,1
98,2024,10,22,142927.84,1
98,2024,11,22,139163.11,1
98,2024,12,21,114736.85,1
99,2024,1,206,1214844.14,1
99,2024,2,205,1123070.96,1
99,2024,3,204,1153939.64,1
99,2024,4,203,1226437.04,1
99,2024,5,202,1106070.23,1
99,2024,6,201,1242325.6,1
99,2024,7,200,1290759.92,1
99,2024,8,199,1190856.81,1
99,2024,9,199,1133278.85,1
99,2024,10,198,1112110.18,1
99,2024,11,197,1160237.38,1
99,2024,12,196,1252765.58,1
100,2024,1,202,1244611.93,1
100,2024,2,212,1373121.77,0
100,2024,3,213,1182782.47,1
100,2024,4,198,1249976.46,1
100,2024,5,212,1249450.07,1
100,2024,6,206,1187231.12,0
100,2024,7,215,1404409.27,1
100,2024,8,210,1311750.92,1
100,2024,9,210,1358938.27,1
100,2024,10,214,1407798.23,0
100,2024,11,214,1222919.87,0
100,2024,12,210,1376928.2,1
101,2024,1,27,163067.56,1
101,2024,2,27,171917.76,1
101,2024,3,27,161886.8,1
101,2024,4,28,154044.5,1
101,2024,5,27,171142.34,1
101,2024,6,28,160733.18,1
101,2024,7,27,171560.89,1
101,2024,8,27,153733.58,1
101,2024,9,27,170897.64,1
101,2024,10,26,148924.12,1
101,2024,11,25,161083.3,1
101,2024,12,26,152078.28,1
102,2024,1,239,1544331.07,1
102,2024,2,222,1268180.26,1
102,2024,3,236,1464602.78,1
102,2024,4,226,1293470.79,1
102,2024,5,235,1291018.52,1
102,2024,6,220,1350841.04,1
102,2024,7,234,1444626.64,1
102,2024,8,221,1358947.4,1
102,2024,9,237,1378992.52,1
102,2024,10,233,1319299.54,1
102,2024,11,229,1326788.27,1
102,2024,12,237,1345790.67,1
103,2024,1,104,595654.38,1
103,2024,2,103,675587.78,1
103,2024,3,107,609933.46,1
103,2024,4,110,694115.36,1
103,2024,5,106,659907.93,1
103,2024,6,103,558284.51,1
103,2024,7,106,593376.44,1
103,2024,8,110,693553.02,1
103,2024,9,101,588416.38,1
103,2024,10,110,720170.57,1
103,2024,11,106,603301.51,1
103,2024,12,110,639179.62,1
104,2024,1,50,271618.31,1
104,2024,2,49,309229.56,1
104,2024,3,52,328446.79,1
104,2024,4,50,281171.16,1
104,2024,5,52,335707.73,1
104,2024,6,50,323616.38,1
104,2024,7,52,328783.88,1
104,2024,8,51,296586.95,1
104,2024,9,54,355926.49,1
104,2024,10,53,342683.98,1
104,2024,11,50,299869.54,1
104,2024,12,51,296520.12,1
105,2024,1,209,1265628.43,1
105,2024,2,195,1283304.16,1
105,2024,3,195,1109849.84,1
105,2024,4,202,1160922.75,1
105,2024,5,192,1170052.45,1
105,2024,6,198,1299931.59,1
105,2024,7,201,1170661.74,1
105,2024,8,199,1179645.95,1
105,2024,9,209,1325531.27,1
105,2024,10,201,1291715.76,1
105,2024,11,204,1240123.96,1
105,2024,12,200,1254250.11,1
106,2024,1,74,421111.71,1
106,2024,2,71,400318.75,1
106,2024,3,73,400435.87,1
106,2024,4,72,426139.04,1
106,2024,5,71,438221.0,1
106,2024,6,74,460020.76,1
106,2024,7,70,441493.27,1
106,2024,8,72,451979.29,1
106,2024,9,74,466527.21,1
106,2024,10,70,413242.62,1
106,2024,11,73,453672.93,1
106,2024,12,71,423252.99,1
107,2024,1,72,466210.77,1
107,2024,2,71,461119.49,1
107,2024,3,71,421527.77,1
107,2024,4,71,463427.83,1
107,2024,5,70,445807.59,1
107,2024,6,70,420636.25,1
107,2024,7,70,407961.2,1
107,2024,8,69,410025.5,1
107,2024,9,69,399775.7,1
107,2024,10,69,438398.61,1
107,2024,11,69,418319.39,1
107,2024,12,68,369800.13,1
108,2024,1,104,622207.51,1
108,2024,2,113,700104.28,1
108,2024,3,104,593059.98,1
108,2024,4,112,683480.48,1
108,2024,5,104,619346.31,1
108,2024,6,106,646304.98,1
108,2024,7,110,703016.5,1
108,2024,8,113,644289.26,1
108,2024,9,114,641611.61,1
108,2024,10,105,585779.72,1
108,2024,11,110,627712.83,1
108,2024,12,113,646665.0,1
109,2024,1,34,193209.5,1
109,2024,2,32,191377.39,1
109,2024,3,35,216414.32,1
109,2024,4,34,183616.98,1
109,2024,5,32,175024.3,1
109,2024,6,32,188066.45,1
109,2024,7,35,214637.81,1
109,2024,8,35,192024.61,1
109,2024,9,33,210096.51,1
109,2024,10,33,183162.88,1
109,2024,11,33,216960.42,1
109,2024,12,34,199606.1,1
110,2024,1,123,704729.0,0
110,2024,2,116,723057.56,0
110,2024,3,118,685577.84,0
110,2024,4,127,793584.7,1
110,2024,5,117,727930.8,1
110,2024,6,125,676715.44,0
110,2024,7,124,681512.02,1
110,2024,8,118,650026.01,0
110,2024,9,122,665644.33,1
110,2024,10,121,663486.4,1
110,2024,11,126,787954.91,0
110,2024,12,127,769595.6,0
111,2024,1,159,964726.67,1
111,2024,2,165,910091.69,1
111,2024,3,162,916063.3,1
111,2024,4,168,967820.59,1
111,2024,5,168,958030.13,1
111,2024,6,159,880671.99,1
111,2024,7,161,1022168.61,1
111,2024,8,155,921485.15,1
111,2024,9,165,988305.89,1
111,2024,10,162,978149.67,1
111,2024,11,164,899848.27,1
111,2024,12,156,864466.82,1
112,2024,1,234,1308792.26,1
112,2024,2,247,1483121.19,1
112,2024,3,239,1468603.34,1
112,2024,4,255,1540117.47,1
112,2024,5,233,1287483.2,1
112,2024,6,235,1286188.83,1
112,2024,7,241,1414392.21,1
112,2024,8,244,1572305.37,1
112,2024,9,243,1408731.92,1
112,2024,10,248,1474471.94,1
112,2024,11,241,1472770.11,1
112,2024,12,254,1617133.5,1
113,2024,1,222,1366214.28,1
113,2024,2,237,1370864.88,1
113,2024,3,231,1449177.98,1
113,2024,4,223,1335110.97,1
113,2024,5,231,1270440.14,1
113,2024,6,239,1525299.82,1
113,2024,7,234,1464688.97,1
113,2024,8,230,1414724.82,1
113,2024,9,234,1527993.4,1
113,2024,10,229,1384973.87,1
113,2024,11,237,1369240.51,1
113,2024,12,222,1210250.77,1
114,2024,1,189,1092227.16,1
114,2024,2,193,1103473.05,1
114,2024,3,193,1103281.78,1
114,2024,4,205,1149827.92,1
114,2024,5,204,1309351.48,1
114,2024,6,189,1055507.87,1
114,2024,7,208,1240165.48,1
114,2024,8,195,1157520.99,1
114,2024,9,193,1206381.74,1
114,2024,10,201,1279552.36,1
114,2024,11,204,1123475.38,1
114,2024,12,197,1188856.44,1
115,2024,1,154,850837.13,1
115,2024,2,162,902222.81,1
115,2024,3,164,925417.0,1
115,2024,4,152,968397.83,1
115,2024,5,157,864705.39,1
115,2024,6,161,903263.79,1
115,2024,7,155,878873.26,1
115,2024,8,153,831558.6,1
115,2024,9,161,879626.3,1
115,2024,10,164,1066267.26,1
115,2024,11,157,1031182.95,1
115,2024,12,161,1060482.55,1
116,2024,1,118,763086.19,1
116,2024,2,125,739385.75,1
116,2024,3,127,702154.7,1
116,2024,4,128,768325.26,1
116,2024,5,122,761585.63,1
116,2024,6,121,711161.69,1
116,2024,7,122,780155.62,1
116,2024,8,124,741575.75,1
116,2024,9,119,661669.29,1
116,2024,10,120,706272.35,1
116,2024,11,120,729312.02,1
116,2024,12,129,845912.98,1
117,2024,1,12,77357.91,1
117,2024,2,12,77764.33,1
117,2024,3,12,77945.17,1
117,2024,4,11,63806.5,1
117,2024,5,12,71769.52,1
117,2024,6,12,71303.03,1
117,2024,7,11,65366.4,1
117,2024,8,11,64613.16,1
117,2024,9,11,67911.08,1
117,2024,10,11,72495.7,1
117,2024,11,12,66252.24,1
117,2024,12,11,62505.03,1
118,2024,1,248,1599560.3,1
118,2024,2,246,1576341.29,1
118,2024,3,245,1448753.02,1
118,2024,4,244,1484282.75,1
118,2024,5,243,1368021.13,1
118,2024,6,242,1442304.57,1
118,2024,7,241,1583949.95,1
118,2024,8,240,1394724.14,1
118,2024,9,239,1381661.42,1
118,2024,10,238,1412080.05,1
118,2024,11,237,1387823.94,1
118,2024,12,236,1439489.05,1
119,2024,1,223,1390111.46,1
119,2024,2,226,1440408.8,1
119,2024,3,215,1375043.92,1
119,2024,4,219,1284574.08,1
119,2024,5,230,1251385.82,1
119,2024,6,226,1484593.42,1
119,2024,7,225,1392278.53,1
119,2024,8,227,1234008.06,1
119,2024,9,216,1354189.78,1
119,2024,10,230,1339410.88,1
119,2024,11,225,1231679.23,1
119,2024,12,220,1358568.41,1
120,2024,1,65,356980.74,1
120,2024,2,64,395069.47,1
120,2024,3,64,404554.28,1
120,2024,4,64,393291.65,1
120,2024,5,63,411716.18,1
120,2024,6,63,395266.67,1
120,2024,7,63,387916.47,1
120,2024,8,63,357021.01,1
120,2024,9,62,351435.6,1
120,2024,10,62,383197.21,1
120,2024,11,62,371082.21,1
120,2024,12,62,371353.36,1
121,2024,1,163,995801.74,1
121,2024,2,158,870541.74,1
121,2024,3,168,1036716.27,1
121,2024,4,173,1005732.66,1
121,2024,5,169,1086701.44,1
121,2024,6,161,1019666.12,1
121,2024,7,170,936691.72,1
121,2024,8,159,1002990.27,1
121,2024,9,169,1030155.96,1
121,2024,10,173,1121354.67,1
121,2024,11,157,882688.68,1
121,2024,12,169,1015795.86,1
122,2024,1,224,1396574.76,1
122,2024,2,226,1234928.06,1
122,2024,3,236,1531708.72,1
122,2024,4,218,1420520.12,1
122,2024,5,229,1333153.49,1
122,2024,6,219,1319775.11,1
122,2024,7,223,1257729.32,1
122,2024,8,236,1332408.62,1
122,2024,9,223,1320637.73,1
122,2024,10,218,1437818.54,1
122,2024,11,229,1358316.05,1
122,2024,12,231,1457299.55,1
123,2024,1,79,453558.7,1
123,2024,2,73,473224.72,1
123,2024,3,74,462100.28,1
123,2024,4,75,417982.11,1
123,2024,5,78,467136.34,1
123,2024,6,74,401428.45,1
123,2024,7,75,449979.86,1
123,2024,8,73,450288.56,1
123,2024,9,73,440476.24,1
123,2024,10,77,464078.25,1
123,2024,11,72,450941.74,1
123,2024,12,77,469733.98,1
124,2024,1,161,950664.7,1
124,2024,2,158,987732.0,1
124,2024,3,156,900838.08,1
124,2024,4,160,1015607.45,1
124,2024,5,161,954036.69,1
124,2024,6,170,963541.97,1
124,2024,7,169,950573.42,1
124,2024,8,164,911308.87,1
124,2024,9,168,1076822.61,1
124,2024,10,170,998243.22,1
124,2024,11,162,926501.18,1
124,2024,12,160,884022.88,1
125,2024,1,100,644056.31,1
125,2024,2,98,637395.31,1
125,2024,3,100,580929.12,1
125,2024,4,97,613329.89,1
125,2024,5,99,634962.67,1
125,2024,6,100,635793.22,1
125,2024,7,105,581467.82,1
125,2024,8,101,553463.55,1
125,2024,9,99,589411.35,1
125,2024,10,98,610070.47,1
125,2024,11,97,588212.72,1
125,2024,12,99,610916.75,1
126,2024,1,229,1408674.15,1
126,2024,2,236,1451574.49,1
126,2024,3,237,1531383.96,1
126,2024,4,235,1362772.14,1
126,2024,5,241,1313992.07,1
126,2024,6,238,1374422.36,1
126,2024,7,240,1381857.72,1
126,2024,8,234,1450750.4,1
126,2024,9,231,1373841.21,1
126,2024,10,230,1389873.87,1
126,2024,11,234,1361921.42,1
126,2024,12,235,1318761.87,1
127,2024,1,112,709810.72,1
127,2024,2,112,653494.18,1
127,2024,3,105,687137.58,1
127,2024,4,110,664851.14,1
127,2024,5,106,574367.26,1
127,2024,6,104,607100.72,1
127,2024,7,105,580593.36,1
127,2024,8,107,684336.35,1
127,2024,9,105,580435.68,1
127,2024,10,105,580003.4,1
127,2024,11,110,680563.78,1
127,2024,12,102,563017.6,1
128,2024,1,28,166739.2,1
128,2024,2,27,166564.49,1
128,2024,3,28,153871.16,1
128,2024,4,27,164493.98,1
128,2024,5,28,159106.01,1
128,2024,6,28,168664.52,1
128,2024,7,27,177657.19,1
128,2024,8,28,173853.14,1
128,2024,9,26,155214.57,1
128,2024,10,26,154204.19,1
128,2024,11,27,149205.57,1
128,2024,12,27,166768.46,1
129,2024,1,235,1323887.19,1
129,2024,2,231,1248645.94,1
129,2024,3,226,1405127.51,1
129,2024,4,219,1310702.75,1
129,2024,5,233,1328773.25,1
129,2024,6,233,1258756.88,1
129,2024,7,217,1378383.66,1
129,2024,8,234,1476077.23,1
129,2024,9,226,1263784.98,1
129,2024,10,225,1227075.54,1
129,2024,11,221,1413016.7,1
129,2024,12,226,1427554.58,1
130,2024,1,151,874433.67,1
130,2024,2,150,944792.98,1
130,2024,3,149,810489.05,1
130,2024,4,149,928782.87,1
130,2024,5,148,842730.67,1
130,2024,6,147,868025.93,1
130,2024,7,147,850592.37,1
130,2024,8,146,932314.04,1
130,2024,9,145,894352.25,1
130,2024,10,145,879586.94,1
130,2024,11,144,944554.56,1
130,2024,12,144,868264.55,1
131,2024,1,140,795984.46,1
131,2024,2,140,809801.45,1
131,2024,3,130,766592.51,1
131,2024,4,141,855208.47,1
131,2024,5,133,804982.48,1
131,2024,6,137,759548.44,1
131,2024,7,135,818377.22,1
131,2024,8,128,798566.96,1
131,2024,9,128,742222.81,1
131,2024,10,130,785940.4,1
131,2024,11,135,793361.48,1
131,2024,12,135,806608.1,1
132,2024,1,153,959229.13,1
132,2024,2,164,916022.14,1
132,2024,3,165,1088715.67,1
132,2024,4,151,828178.34,1
132,2024,5,166,1004444.74,1
132,2024,6,165,974972.15,1
132,2024,7,162,1057446.17,1
132,2024,8,154,962365.23,1
132,2024,9,158,1032326.7,1
132,2024,10,157,869060.65,1
132,2024,11,155,901801.84,1
132,2024,12,166,909898.13,1
133,2024,1,134,813858.07,1
133,2024,2,132,845601.09,1
133,2024,3,135,749555.93,1
133,2024,4,136,835526.97,1
133,2024,5,128,817374.25,1
133,2024,6,134,860100.55,1
133,2024,7,138,854861.0,1
133,2024,8,131,759611.24,1
133,2024,9,136,773194.45,1
133,2024,10,134,836720.98,1
133,2024,11,131,795344.87,1
133,2024,12,136,838324.91,1
134,2024,1,11,67912.22,1
134,2024,2,10,57885.66,1
134,2024,3,11,60099.82,1
134,2024,4,10,63286.39,1
134,2024,5,10,56877.11,1
134,2024,6,10,60293.68,1
134,2024,7,10,64142.79,1
134,2024,8,10,60185.51,1
134,2024,9,10,58800.03,1
134,2024,10,10,60187.68,1
134,2024,11,11,71114.81,1
134,2024,12,10,61198.44,1
135,2024,1,91,596234.76,1
135,2024,2,93,543009.72,1
135,2024,3,88,542387.5,1
135,2024,4,93,511830.27,1
135,2024,5,95,581565.46,1
135,2024,6,95,624800.61,1
135,2024,7,96,617274.01,1
135,2024,8,97,558447.17,1
135,2024,9,92,559319.73,1
135,2024,10,94,525290.01,1
135,2024,11,88,524219.68,1
135,2024,12,95,570914.66,1
136,2024,1,253,1575599.99,1
136,2024,2,243,1560296.07,1
136,2024,3,259,1423736.64,1
136,2024,4,238,1557199.91,1
136,2024,5,260,1551640.26,1
136,2024,6,240,1376514.06,1
136,2024,7,256,1474821.6,1
136,2024,8,254,1454033.06,1
136,2024,9,242,1551220.2,1
136,2024,10,250,1402293.08,1
136,2024,11,241,1564952.55,1
136,2024,12,249,1463472.23,1
137,2024,1,51,320383.17,1
137,2024,2,50,320417.47,1
137,2024,3,50,328803.05,1
137,2024,4,50,299594.97,1
137,2024,5,50,281123.95,1
137,2024,6,49,265858.71,1
137,2024,7,49,267881.32,1
137,2024,8,49,302098.79,1
137,2024,9,49,265923.24,1
137,2024,10,49,291461.68,1
137,2024,11,48,260390.19,1
137,2024,12,48,292023.08,1
138,2024,1,231,1486918.4,1
138,2024,2,235,1549401.69,1
138,2024,3,236,1460631.13,1
138,2024,4,228,1503283.74,1
138,2024,5,238,1534598.32,1
138,2024,6,220,1369518.78,0
138,2024,7,239,1499654.0,0
138,2024,8,228,1409946.11,0
138,2024,9,238,1393779.47,0
138,2024,10,236,1357490.09,1
138,2024,11,236,1496633.29,1
138,2024,12,220,1444896.62,0
139,2024,1,227,1236637.79,1
139,2024,2,234,1389531.09,1
139,2024,3,217,1352624.69,1
139,2024,4,232,1266891.87,1
139,2024,5,235,1497086.89,1
139,2024,6,225,1345839.57,1
139,2024,7,218,1252348.23,1
139,2024,8,225,1292988.18,1
139,2024,9,223,1459128.0,1
139,2024,10,236,1541719.67,1
139,2024,11,226,1310791.12,1
139,2024,12,217,1311529.96,1
140,2024,1,142,872102.52,1
140,2024,2,155,962423.81,1
140,2024,3,143,890740.1,1
140,2024,4,148,846625.35,1
140,2024,5,149,916806.62,1
140,2024,6,152,912891.94,1
140,2024,7,154,995956.85,1
140,2024,8,144,894750.96,1
140,2024,9,144,780262.86,1
140,2024,10,154,935766.45,1
140,2024,11,155,921943.87,1
140,2024,12,145,918225.15,1
141,2024,1,217,1316391.3,1
141,2024,2,222,1248679.3,1
141,2024,3,219,1308789.9,1
141,2024,4,215,1276925.68,1
141,2024,5,223,1297069.4,1
141,2024,6,215,1267714.33,1
141,2024,7,215,1260116.85,1
141,2024,8,219,1189030.73,1
141,2024,9,228,1439739.28,1
141,2024,10,213,1397554.81,1
141,2024,11,218,1221097.47,1
141,2024,12,216,1393146.18,1
142,2024,1,134,741539.94,1
142,2024,2,127,693991.62,1
142,2024,3,131,748459.64,1
142,2024,4,135,784172.65,1
142,2024,5,130,746571.41,1
142,2024,6,135,785557.76,1
142,2024,7,135,831940.44,1
142,2024,8,140,804074.24,1
142,2024,9,133,763948.48,1
142,2024,10,128,798589.4,1
142,2024,11,132,764904.21,1
142,2024,12,137,774654.15,1
143,2024,1,20,108968.93,1
143,2024,2,21,121838.55,1
143,2024,3,20,109576.12,1
143,2024,4,20,117453.64,1
143,2024,5,20,120835.61,1
143,2024,6,20,128992.46,1
143,2024,7,21,122176.05,1
143,2024,8,21,117521.01,1
143,2024,9,21,137068.02,1
143,2024,10,21,119603.0,1
143,2024,11,21,117224.35,1
143,2024,12,20,124025.6,1
144,2024,1,31,203178.51,1
144,2024,2,31,170640.92,1
144,2024,3,32,205852.94,1
144,2024,4,32,187293.24,1
144,2024,5,32,190494.09,1
144,2024,6,33,185869.6,1
144,2024,7,30,171504.34,1
144,2024,8,32,172896.98,1
144,2024,9,32,185542.68,1
144,2024,10,30,165577.02,1
144,2024,11,31,192861.61,1
144,2024,12,32,183218.08,1
145,2024,1,46,281766.03,1
145,2024,2,47,280869.87,1
145,2024,3,48,292740.65,1
145,2024,4,47,275850.28,1
145,2024,5,48,289523.19,1
145,2024,6,47,271122.0,1
145,2024,7,48,262411.98,0
145,2024,8,45,276388.83,1
145,2024,9,46,252117.39,1
145,2024,10,49,307880.05,1
145,2024,11,45,260349.44,1
145,2024,12,46,271579.64,0
146,2024,1,44,263476.86,1
146,2024,2,42,272496.75,1
146,2024,3,46,277740.15,1
146,2024,4,45,293027.62,1
146,2024,5,44,265993.32,1
146,2024,6,46,272788.74,1
146,2024,7,44,257364.61,1
146,2024,8,45,248079.88,1
146,2024,9,42,252798.86,1
146,2024,10,42,251798.29,1
146,2024,11,42,270487.74,1
146,2024,12,42,253018.91,1
147,2024,1,127,738919.55,1
147,2024,2,130,719021.65,1
147,2024,3,127,802374.34,1
147,2024,4,131,758927.36,1
147,2024,5,127,716557.48,1
147,2024,6,128,797650.4,1
147,2024,7,119,749577.79,1
147,2024,8,122,705538.9,1
147,2024,9,124,806059.01,1
147,2024,10,128,843850.26,1
147,2024,11,128,762659.25,1
147,2024,12,128,742340.0,1
148,2024,1,129,740407.45,1
148,2024,2,119,759927.03,1
148,2024,3,120,719397.42,1
148,2024,4,118,666303.65,1
148,2024,5,123,757770.8,1
148,2024,6,129,716679.31,1
148,2024,7,127,692577.49,1
148,2024,8,122,773164.06,1
148,2024,9,128,750776.85,1
148,2024,10,128,733254.78,1
148,2024,11,120,745880.18,1
148,2024,12,117,722997.2,1
149,2024,1,71,447070.84,1
149,2024,2,71,401126.71,1
149,2024,3,69,405560.97,1
149,2024,4,65,382469.99,1
149,2024,5,65,413766.01,1
149,2024,6,69,413612.47,1
149,2024,7,70,405785.03,1
149,2024,8,65,407245.3,1
149,2024,9,70,400594.65,1
149,2024,10,68,426566.33,1
149,2024,11,71,456200.24,1
149,2024,12,65,361195.1,1
150,2024,1,175,1025078.61,1
150,2024,2,181,986860.55,1
150,2024,3,185,1175331.1,1
150,2024,4,177,1033042.2,1
150,2024,5,178,1096515.72,1
150,2024,6,185,1181472.12,1
150,2024,7,189,1096306.19,1
150,2024,8,183,1021966.82,1
150,2024,9,174,947018.97,1
150,2024,10,177,1109636.18,1
150,2024,11,178,1134914.43,1
150,2024,12,176,1111723.71,1
151,2024,1,194,1271366.98,1
151,2024,2,196,1202532.37,1
151,2024,3,177,1033447.26,1
151,2024,4,187,1145408.4,1
151,2024,5,186,1193147.32,1
151,2024,6,180,1029878.88,1
151,2024,7,187,1017824.71,1
151,2024,8,184,1117779.87,1
151,2024,9,194,1278686.56,1
151,2024,10,181,1050046.59,1
151,2024,11,195,1147031.75,1
151,2024,12,187,1142210.84,1
152,2024,1,89,562850.68,1
152,2024,2,94,607197.88,1
152,2024,3,95,601681.81,1
152,2024,4,92,584038.91,1
152,2024,5,94,512376.3,1
152,2024,6,97,607208.84,1
152,2024,7,93,609225.06,1
152,2024,8,97,621681.95,1
152,2024,9,97,524183.88,1
152,2024,10,95,596720.24,1
152,2024,11,90,554003.65,1
152,2024,12,89,552561.44,1
153,2024,1,112,638651.14,1
153,2024,2,122,713007.62,1
153,2024,3,113,719670.54,1
153,2024,4,112,660223.11,1
153,2024,5,121,703785.85,1
153,2024,6,115,703144.95,1
153,2024,7,119,780602.2,1
153,2024,8,112,658254.14,1
153,2024,9,118,693401.71,1
153,2024,10,119,766171.44,1
153,2024,11,120,750610.59,1
153,2024,12,114,638752.05,1
154,2024,1,85,484709.86,1
154,2024,2,83,487969.92,1
154,2024,3,89,541919.63,1
154,2024,4,91,581666.47,1
154,2024,5,91,542651.08,1
154,2024,6,91,572097.51,1
154,2024,7,85,536397.62,1
154,2024,8,86,472504.71,1
154,2024,9,89,566351.26,1
154,2024,10,91,598639.28,1
154,2024,11,84,458580.72,1
154,2024,12,90,545139.4,1
155,2024,1,167,1065271.86,1
155,2024,2,169,1024905.11,1
155,2024,3,177,1150396.66,1
155,2024,4,178,1018779.94,1
155,2024,5,177,983752.16,1
155,2024,6,170,985296.59,1
155,2024,7,167,954154.06,1
155,2024,8,175,980869.99,1
155,2024,9,169,942748.95,1
155,2024,10,177,1120197.11,1
155,2024,11,166,901824.09,1
155,2024,12,168,997434.19,1
156,2024,1,209,1171561.93,1
156,2024,2,204,1141041.14,1
156,2024,3,204,1183096.57,1
156,2024,4,203,1299892.24,1
156,2024,5,202,1263909.08,1
156,2024,6,195,1106879.29,1
156,2024,7,194,1122727.85,1
156,2024,8,198,1220365.36,1
156,2024,9,200,1178602.64,1
156,2024,10,202,1307571.35,1
156,2024,11,204,1168870.17,1
156,2024,12,205,1303762.04,1
157,2024,1,133,861778.12,1
157,2024,2,136,892134.81,1
157,2024,3,140,901857.68,1
157,2024,4,135,880298.33,1
157,2024,5,132,723747.78,1
157,2024,6,132,800209.41,1
157,2024,7,129,768572.1,1
157,2024,8,137,804263.07,1
157,2024,9,141,801581.94,1
157,2024,10,129,771701.9,1
157,2024,11,131,726575.41,1
157,2024,12,142,838891.46,1
158,2024,1,72,402958.03,1
158,2024,2,66,415474.24,1
158,2024,3,72,405890.51,1
158,2024,4,67,373504.64,1
158,2024,5,68,416014.56,1
158,2024,6,70,417538.27,1
158,2024,7,69,410264.32,1
158,2024,8,70,440264.55,1
158,2024,9,71,399949.67,1
158,2024,10,70,383378.34,1
158,2024,11,69,421783.85,1
158,2024,12,67,441525.48,1
159,2024,1,40,256998.93,1
159,2024,2,37,231799.99,1
159,2024,3,37,222004.56,1
159,2024,4,40,224476.88,1
159,2024,5,37,214800.6,1
159,2024,6,40,234469.53,1
159,2024,7,38,206449.74,1
159,2024,8,39,243611.87,1
159,2024,9,40,255273.51,1
159,2024,10,37,231727.75,1
159,2024,11,37,212138.78,1
159,2024,12,37,213630.58,1
160,2024,1,121,680338.22,1
160,2024,2,122,695640.1,1
160,2024,3,115,682102.98,1
160,2024,4,111,688023.59,1
160,2024,5,118,668425.08,1
160,2024,6,119,771841.92,1
160,2024,7,119,692359.05,1
160,2024,8,114,739934.45,1
160,2024,9,119,730223.18,1
160,2024,10,113,697353.23,1
160,2024,11,116,642120.82,1
160,2024,12,121,778136.65,1
161,2024,1,230,1466238.53,1
161,2024,2,237,1338734.19,1
161,2024,3,229,1495811.6,0
161,2024,4,231,1450134.38,1
161,2024,5,231,1341743.76,1
161,2024,6,230,1447504.45,0
161,2024,7,228,1387256.64,0
161,2024,8,233,1309972.27,1
161,2024,9,228,1292758.64,1
161,2024,10,233,1262116.85,1
161,2024,11,230,1483217.52,0
161,2024,12,227,1447366.77,1
162,2024,1,100,621752.56,1
162,2024,2,100,626291.46,1
162,2024,3,105,588191.64,1
162,2024,4,104,595155.87,1
162,2024,5,100,584007.95,1
162,2024,6,104,670105.99,1
162,2024,7,98,604231.74,1
162,2024,8,101,561929.09,1
162,2024,9,106,630667.07,1
162,2024,10,107,697876.04,1
162,2024,11,97,543903.73,1
162,2024,12,106,658576.4,1
163,2024,1,22,139966.58,1
163,2024,2,22,135323.77,1
163,2024,3,23,125913.96,1
163,2024,4,22,138306.02,0
163,2024,5,22,120693.06,1
163,2024,6,22,129911.26,1
163,2024,7,21,129713.55,1
163,2024,8,22,120102.95,0
163,2024,9,22,131574.24,0
163,2024,10,22,125839.2,1
163,2024,11,23,133167.49,0
163,2024,12,23,124847.55,0
164,2024,1,73,458367.29,0
164,2024,2,70,383640.8,1
164,2024,3,69,377456.84,1
164,2024,4,73,461340.18,1
164,2024,5,70,406999.32,1
164,2024,6,72,405221.55,0
164,2024,7,71,411954.72,1
164,2024,8,70,398786.51,1
164,2024,9,71,459505.24,0
164,2024,10,72,470724.0,1
164,2024,11,68,448097.98,0
164,2024,12,73,429402.2,1
165,2024,1,132,799765.34,1
165,2024,2,129,764451.49,1
165,2024,3,136,796634.02,1
165,2024,4,132,792992.05,1
165,2024,5,136,876237.58,1
165,2024,6,128,842137.28,1
165,2024,7,138,821409.61,1
165,2024,8,129,702759.98,1
165,2024,9,129,702275.28,1
165,2024,10,130,857928.64,1
165,2024,11,141,850011.97,1
165,2024,12,128,751369.55,1
166,2024,1,190,1171958.7,1
166,2024,2,189,1234346.45,1
166,2024,3,188,1038839.51,1
166,2024,4,187,1175607.11,1
166,2024,5,186,1112064.19,1
166,2024,6,186,1164313.39,1
166,2024,7,185,1143946.39,1
166,2024,8,184,999234.5,1
166,2024,9,183,1044456.48,1
166,2024,10,182,997995.57,1
166,2024,11,182,994734.44,1
166,2024,12,181,1187854.85,1
167,2024,1,119,705335.08,1
167,2024,2,119,747124.66,1
167,2024,3,121,678517.9,0
167,2024,4,117,661003.35,1
167,2024,5,115,628810.58,0
167,2024,6,112,612729.1,0
167,2024,7,121,752870.41,0
167,2024,8,111,645755.72,1
167,2024,9,113,659617.03,1
167,2024,10,116,670456.44,0
167,2024,11,111,656762.96,1
167,2024,12,115,636975.22,0
168,2024,1,97,564023.55,1
168,2024,2,92,541306.4,1
168,2024,3,97,537819.28,1
168,2024,4,99,645242.24,1
168,2024,5,96,597346.5,1
168,2024,6,92,582739.45,1
168,2024,7,97,537169.5,1
168,2024,8,101,560206.36,1
168,2024,9,92,575112.55,1
168,2024,10,93,583099.71,1
168,2024,11,100,570726.55,1
168,2024,12,99,607820.81,1
169,2024,1,50,272145.68,1
169,2024,2,49,314992.03,1
169,2024,3,54,292275.06,1
169,2024,4,50,311850.72,1
169,2024,5,51,333359.33,1
169,2024,6,51,282834.96,1
169,2024,7,53,317795.07,1
169,2024,8,51,279952.16,1
169,2024,9,50,296322.69,1
169,2024,10,51,277348.68,1
169,2024,11,52,299905.78,1
169,2024,12,53,333748.32,1
170,2024,1,110,596640.11,1
170,2024,2,115,625758.57,1
170,2024,3,114,633155.39,1
170,2024,4,109,619310.47,0
170,2024,5,114,741832.98,1
170,2024,6,114,694272.64,1
170,2024,7,116,708636.71,0
170,2024,8,116,742956.52,1
170,2024,9,107,654208.48,1
170,2024,10,108,691369.01,1
170,2024,11,112,699860.09,1
170,2024,12,113,699935.43,1
171,2024,1,183,1101590.03,1
171,2024,2,188,1180560.69,0
171,2024,3,182,1180201.7,1
171,2024,4,186,1063478.47,0
171,2024,5,184,1174838.89,0
171,2024,6,179,1105097.73,1
171,2024,7,181,1131575.54,1
171,2024,8,187,1198261.63,1
171,2024,9,181,1168259.42,0
171,2024,10,173,1093208.58,1
171,2024,11,185,1154142.23,1
171,2024,12,186,1046590.54,1
172,2024,1,49,293863.97,1
172,2024,2,50,309793.3,1
172,2024,3,49,294446.81,1
172,2024,4,47,253971.72,1
172,2024,5,50,278085.14,1
172,2024,6,52,312206.98,1
172,2024,7,51,314142.88,1
172,2024,8,47,292976.31,1
172,2024,9,51,287088.92,1
172,2024,10,51,336193.95,1
172,2024,11,49,275090.79,1
172,2024,12,50,310310.0,1
173,2024,1,95,603225.66,1
173,2024,2,94,551066.87,1
173,2024,3,94,601069.32,1
173,2024,4,93,545431.06,1
173,2024,5,93,520499.68,1
173,2024,6,93,511389.74,1
173,2024,7,92,588019.75,1
173,2024,8,92,598042.31,1
173,2024,9,91,555787.65,1
173,2024,10,91,597014.02,1
173,2024,11,91,571498.01,1
173,2024,12,90,559354.58,1
174,2024,1,225,1317966.13,1
174,2024,2,224,1436105.83,1
174,2024,3,223,1311553.46,1
174,2024,4,222,1433661.94,1
174,2024,5,221,1342509.44,1
174,2024,6,220,1415955.35,1
174,2024,7,219,1432550.44,1
174,2024,8,218,1287927.42,1
174,2024,9,217,1200536.39,1
174,2024,10,216,1189063.3,1
174,2024,11,215,1409780.82,1
174,2024,12,214,1298041.01,1
175,2024,1,89,506164.56,1
175,2024,2,89,541260.93,1
175,2024,3,95,589563.47,1
175,2024,4,98,575191.04,1
175,2024,5,93,586726.94,1
175,2024,6,89,537057.89,1
175,2024,7,91,579229.47,1
175,2024,8,91,555087.07,1
175,2024,9,95,552493.73,1
175,2024,10,92,574323.9,1
175,2024,11,95,569227.82,1
175,2024,12,89,557069.46,1
176,2024,1,190,1145956.72,1
176,2024,2,183,996307.19,1
176,2024,3,199,1086221.83,1
176,2024,4,195,1181325.31,1
176,2024,5,184,1131761.96,1
176,2024,6,186,1015103.79,1
176,2024,7,197,1243850.08,1
176,2024,8,199,1158534.55,1
176,2024,9,202,1180674.62,1
176,2024,10,191,1099012.7,1
176,2024,11,198,1208205.19,1
176,2024,12,197,1246971.32,1
177,2024,1,87,497074.43,1
177,2024,2,84,493157.76,1
177,2024,3,83,517836.96,1
177,2024,4,85,535662.33,1
177,2024,5,85,557804.72,1
177,2024,6,84,462894.99,1
177,2024,7,81,498669.83,1
177,2024,8,81,524710.44,1
177,2024,9,83,535585.68,1
177,2024,10,82,491342.27,1
177,2024,11,82,444211.79,1
177,2024,12,81,529301.08,1
178,2024,1,227,1301822.27,1
178,2024,2,236,1471376.17,1
178,2024,3,239,1510525.3,1
178,2024,4,227,1316465.73,1
178,2024,5,218,1358514.97,1
178,2024,6,232,1264115.45,1
178,2024,7,221,1324331.01,1
178,2024,8,232,1308222.75,1
178,2024,9,237,1374335.82,1
178,2024,10,227,1401395.67,1
178,2024,11,232,1289624.67,1
178,2024,12,221,1278858.59,1
179,2024,1,68,387419.64,1
179,2024,2,67,364676.59,1
179,2024,3,64,390392.6,1
179,2024,4,65,389664.77,1
179,2024,5,67,397345.15,1
179,2024,6,66,387734.31,1
179,2024,7,70,449687.72,1
179,2024,8,68,393719.25,1
179,2024,9,64,369828.72,1
179,2024,10,65,405500.28,1
179,2024,11,70,401894.19,1
179,2024,12,67,372785.02,1
180,2024,1,225,1243256.48,1
180,2024,2,226,1368391.27,1
180,2024,3,243,1520754.31,1
180,2024,4,230,1390977.45,1
180,2024,5,245,1357008.83,1
180,2024,6,231,1287124.65,1
180,2024,7,245,1470816.75,1
180,2024,8,245,1398582.37,1
180,2024,9,227,1435121.78,1
180,2024,10,225,1400047.17,1
180,2024,11,225,1340290.31,1
180,2024,12,236,1421736.32,1
181,2024,1,14,81539.59,1
181,2024,2,14,82296.24,1
181,2024,3,14,83977.87,1
181,2024,4,13,75073.91,1
181,2024,5,14,76406.0,1
181,2024,6,13,79403.7,1
181,2024,7,14,87462.34,1
181,2024,8,14,87654.37,1
181,2024,9,13,80290.95,1
181,2024,10,13,72834.87,1
181,2024,11,13,83305.01,1
181,2024,12,13,76931.83,1
182,2024,1,159,909842.65,1
182,2024,2,170,1092869.69,1
182,2024,3,160,1003040.67,1
182,2024,4,159,1020650.07,1
182,2024,5,168,968138.45,1
182,2024,6,172,1002216.61,1
182,2024,7,165,919138.72,1
182,2024,8,161,971873.52,1
182,2024,9,164,992054.91,1
182,2024,10,173,1121709.69,1
182,2024,11,174,1070050.14,1
182,2024,12,174,1117040.47,1
183,2024,1,115,713277.21,1
183,2024,2,114,677131.11,1
183,2024,3,114,653141.83,1
183,2024,4,113,635990.17,1
183,2024,5,113,692439.96,1
183,2024,6,112,613319.73,1
183,2024,7,112,610532.14,1
183,2024,8,111,630472.69,1
183,2024,9,111,638565.6,1
183,2024,10,110,652198.1,1
183,2024,11,110,605122.13,1
183,2024,12,109,672181.09,1
184,2024,1,84,476164.85,1
184,2024,2,87,493247.59,1
184,2024,3,87,515857.87,1
184,2024,4,83,525005.24,1
184,2024,5,87,534578.16,1
184,2024,6,88,529276.75,1
184,2024,7,85,481717.89,1
184,2024,8,88,538860.98,1
184,2024,9,85,535882.88,1
184,2024,10,82,513188.13,1
184,2024,11,87,488562.93,1
184,2024,12,86,465744.55,1
185,2024,1,237,1448630.9,1
185,2024,2,246,1486987.25,1
185,2024,3,250,1397120.95,1
185,2024,4,235,1381657.5,1
185,2024,5,253,1390008.82,1
185,2024,6,232,1524657.86,1
185,2024,7,254,1405543.05,1
185,2024,8,250,1497581.78,1
185,2024,9,248,1583412.36,1
185,2024,10,253,1490341.52,1
185,2024,11,233,1363915.2,1
185,2024,12,252,1625008.14,1
186,2024,1,249,1530358.73,1
186,2024,2,240,1385404.88,1
186,2024,3,257,1498988.42,0
186,2024,4,250,1517037.58,0
186,2024,5,254,1650964.78,1
186,2024,6,244,1403853.02,0
186,2024,7,253,1633754.3,1
186,2024,8,241,1556931.44,0
186,2024,9,242,1591418.08,1
186,2024,10,251,1362226.27,0
186,2024,11,242,1483119.12,0
186,2024,12,237,1451867.9,1
187,2024,1,206,1168051.85,1
187,2024,2,213,1331592.92,1
187,2024,3,204,1120383.12,1
187,2024,4,213,1201678.67,1
187,2024,5,209,1245546.94,1
187,2024,6,212,1396790.35,1
187,2024,7,212,1347284.27,1
187,2024,8,214,1334338.76,1
187,2024,9,210,1371840.87,1
187,2024,10,201,1100382.11,1
187,2024,11,214,1319252.43,1
187,2024,12,204,1336950.02,1
188,2024,1,176,1008934.45,1
188,2024,2,165,926511.01,1
188,2024,3,169,1034867.67,1
188,2024,4,171,975001.73,1
188,2024,5,165,908218.46,1
188,2024,6,164,1038855.95,1
188,2024,7,170,940042.31,1
188,2024,8,171,1077866.97,1
188,2024,9,172,958667.23,1
188,2024,10,166,987604.96,1
188,2024,11,176,997365.3,1
188,2024,12,174,949168.0,1
189,2024,1,37,215586.24,1
189,2024,2,39,241037.08,1
189,2024,3,40,237277.61,1
189,2024,4,38,225558.58,1
189,2024,5,38,205226.74,1
189,2024,6,40,225125.29,1
189,2024,7,39,233258.78,1
189,2024,8,40,246577.53,1
189,2024,9,40,234421.86,1
189,2024,10,37,209565.61,1
189,2024,11,40,226030.96,1
189,2024,12,40,219262.18,1
190,2024,1,59,336526.85,1
190,2024,2,59,389052.56,1
190,2024,3,62,341730.59,1
190,2024,4,60,340120.4,1
190,2024,5,61,361369.08,1
190,2024,6,62,382510.09,1
190,2024,7,61,385715.93,1
190,2024,8,62,346426.07,1
190,2024,9,62,383352.17,1
190,2024,10,60,363288.75,1
190,2024,11,58,349913.61,1
190,2024,12,62,385480.52,1
191,2024,1,54,322319.9,1
191,2024,2,50,293209.4,1
191,2024,3,51,331239.64,1
191,2024,4,50,299556.05,1
191,2024,5,51,280661.47,1
191,2024,6,52,282400.62,1
191,2024,7,54,295578.86,1
191,2024,8,54,301649.46,1
191,2024,9,52,312671.01,1
191,2024,10,51,327358.2,1
191,2024,11,52,318271.83,1
191,2024,12,55,351712.98,1
192,2024,1,224,1276640.39,1
192,2024,2,232,1407829.92,1
192,2024,3,225,1318254.88,1
192,2024,4,220,1223393.47,1
192,2024,5,221,1457917.69,1
192,2024,6,231,1325880.87,1
192,2024,7,217,1222126.01,1
192,2024,8,220,1419811.33,1
192,2024,9,232,1400825.96,1
192,2024,10,232,1369213.2,1
192,2024,11,222,1415395.27,1
192,2024,12,232,1521208.61,1
193,2024,1,42,238026.69,1
193,2024,2,44,262874.2,1
193,2024,3,43,255640.61,1
193,2024,4,45,261416.67,1
193,2024,5,45,243749.3,1
193,2024,6,45,274543.89,1
193,2024,7,46,290130.43,1
193,2024,8,46,262023.45,1
193,2024,9,43,264201.02,1
193,2024,10,43,252804.41,1
193,2024,11,43,280657.66,1
193,2024,12,42,229274.37,1
194,2024,1,232,1374748.72,1
194,2024,2,227,1466993.8,1
194,2024,3,230,1351770.61,1
194,2024,4,231,1443852.72,1
194,2024,5,224,1387429.49,1
194,2024,6,237,1522719.8,1
194,2024,7,219,1430910.91,1
194,2024,8,236,1407080.1,1
194,2024,9,237,1528308.25,1
194,2024,10,223,1323623.21,1
194,2024,11,225,1279799.11,1
194,2024,12,231,1498182.95,1
195,2024,1,198,1104066.55,1
195,2024,2,197,1170355.84,1
195,2024,3,196,1141469.06,1
195,2024,4,195,1107602.38,1
195,2024,5,194,1198595.14,0
195,2024,6,193,1047909.54,1
195,2024,7,193,1185763.06,1
195,2024,8,192,1243834.87,0
195,2024,9,191,1104267.26,0
195,2024,10,190,1219173.08,1
195,2024,11,189,1034364.02,1
195,2024,12,188,1239775.09,0
196,2024,1,134,846556.02,0
196,2024,2,128,771864.25,1
196,2024,3,134,823311.88,1
196,2024,4,130,709294.83,1
196,2024,5,127,821188.84,1
196,2024,6,134,751595.11,0
196,2024,7,128,762677.74,0
196,2024,8,128,761257.55,1
196,2024,9,134,737280.42,1
196,2024,10,124,801025.74,0
196,2024,11,132,746321.82,1
196,2024,12,133,755633.69,1
197,2024,1,219,1199171.25,1
197,2024,2,209,1289063.83,1
197,2024,3,213,1169464.27,1
197,2024,4,224,1241148.42,1
197,2024,5,218,1404042.11,1
197,2024,6,224,1323624.38,1
197,2024,7,215,1334977.11,1
197,2024,8,217,1360428.67,1
197,2024,9,220,1340376.16,1
197,2024,10,225,1344470.04,1
197,2024,11,229,1283946.04,1
197,2024,12,225,1350596.27,1
198,2024,1,92,548074.47,1
198,2024,2,100,615599.53,1
198,2024,3,92,551341.49,1
198,2024,4,97,627369.44,1
198,2024,5,96,569083.42,1
198,2024,6,100,594701.47,1
198,2024,7,94,557584.21,1
198,2024,8,97,584189.81,1
198,2024,9,96,571421.26,1
198,2024,10,92,547153.91,1
198,2024,11,94,527061.81,1
198,2024,12,100,659590.54,1
199,2024,1,204,1115103.36,1
199,2024,2,208,1170401.36,1
199,2024,3,197,1168165.08,0
199,2024,4,198,1305761.03,1
199,2024,5,210,1324540.84,1
199,2024,6,199,1149747.7,1
199,2024,7,210,1373055.19,1
199,2024,8,209,1212178.41,1
199,2024,9,208,1364800.04,1
199,2024,10,193,1147858.37,1
199,2024,11,212,1298895.57,1
199,2024,12,195,1075742.74,1
200,2024,1,213,1226301.31,1
200,2024,2,199,1121510.52,1
200,2024,3,202,1162547.29,1
200,2024,4,201,1323637.93,1
200,2024,5,212,1389277.72,1
200,2024,6,199,1240414.39,1
200,2024,7,209,1310289.13,1
200,2024,8,198,1243306.32,1
200,2024,9,195,1090556.13,1
200,2024,10,214,1334874.08,1
200,2024,11,203,1283593.28,1
200,2024,12,206,1184640.23,1
